,GRID_TYPE,GAME_ID,GAME_EVENT_ID,PLAYER_ID,PLAYER_NAME,TEAM_ID,TEAM_NAME,PERIOD,MINUTES_REMAINING,SECONDS_REMAINING,EVENT_TYPE,ACTION_TYPE,SHOT_TYPE,SHOT_ZONE_BASIC,SHOT_ZONE_AREA,SHOT_ZONE_RANGE,SHOT_DISTANCE,LOC_X,LOC_Y,SHOT_ATTEMPTED_FLAG,SHOT_MADE_FLAG,GAME_DATE,HTM,VTM
0,Shot Chart Detail,0042200141,34,203999,Nikola Jokic,1610612743,Denver Nuggets,1,8,43,Missed Shot,Jump Shot,2PT Field Goal,In The Paint (Non-RA),Left Side(L),8-16 ft.,9,-49,84,1,0,20230416,DEN,MIN
1,Shot Chart Detail,0042200141,40,203999,Nikola Jokic,1610612743,Denver Nuggets,1,8,12,Made Shot,Turnaround Fadeaway shot,2PT Field Goal,In The Paint (Non-RA),Center(C),8-16 ft.,9,-20,90,1,1,20230416,DEN,MIN
2,Shot Chart Detail,0042200141,49,203999,Nikola Jokic,1610612743,Denver Nuggets,1,7,12,Made Shot,Turnaround Bank Hook Shot,2PT Field Goal,In The Paint (Non-RA),Center(C),Less Than 8 ft.,4,38,16,1,1,20230416,DEN,MIN
3,Shot Chart Detail,0042200141,61,203999,Nikola Jokic,1610612743,Denver Nuggets,1,6,29,Missed Shot,Floating Jump shot,2PT Field Goal,In The Paint (Non-RA),Center(C),Less Than 8 ft.,5,1,59,1,0,20230416,DEN,MIN
4,Shot Chart Detail,0042200141,98,203999,Nikola Jokic,1610612743,Denver Nuggets,1,3,53,Made Shot,Driving Finger Roll Layup Shot,2PT Field Goal,In The Paint (Non-RA),Center(C),Less Than 8 ft.,4,-1,49,1,1,20230416,DEN,MIN
5,Shot Chart Detail,0042200141,233,203999,Nikola Jokic,1610612743,Denver Nuggets,2,6,46,Missed Shot,Layup Shot,2PT Field Goal,Restricted Area,Center(C),Less Than 8 ft.,2,21,12,1,0,20230416,DEN,MIN
6,Shot Chart Detail,0042200141,235,203999,Nikola Jokic,1610612743,Denver Nuggets,2,6,43,Made Shot,Tip Layup Shot,2PT Field Goal,Restricted Area,Center(C),Less Than 8 ft.,0,0,0,1,1,20230416,DEN,MIN
7,Shot Chart Detail,0042200141,245,203999,Nikola Jokic,1610612743,Denver Nuggets,2,5,45,Made Shot,Layup Shot,2PT Field Goal,In The Paint (Non-RA),Center(C),Less Than 8 ft.,6,53,32,1,1,20230416,DEN,MIN
8,Shot Chart Detail,0042200141,264,203999,Nikola Jokic,1610612743,Denver Nuggets,2,4,14,Made Shot,Reverse Layup Shot,2PT Field Goal,Restricted Area,Center(C),Less Than 8 ft.,3,-27,21,1,1,20230416,DEN,MIN
9,Shot Chart Detail,0042200141,296,203999,Nikola Jokic,1610612743,Denver Nuggets,2,0,47,Missed Shot,Turnaround Hook Shot,2PT Field Goal,In The Paint (Non-RA),Center(C),Less Than 8 ft.,5,5,53,1,0,20230416,DEN,MIN
10,Shot Chart Detail,0042200141,324,203999,Nikola Jokic,1610612743,Denver Nuggets,3,11,25,Missed Shot,Pullup Jump shot,2PT Field Goal,In The Paint (Non-RA),Right Side(R),8-16 ft.,9,78,61,1,0,20230416,DEN,MIN
11,Shot Chart Detail,0042200141,407,203999,Nikola Jokic,1610612743,Denver Nuggets,3,4,52,Missed Shot,Layup Shot,2PT Field Goal,Restricted Area,Center(C),Less Than 8 ft.,2,-20,15,1,0,20230416,DEN,MIN
12,Shot Chart Detail,0042200142,34,203999,Nikola Jokic,1610612743,Denver Nuggets,1,8,44,Made Shot,Hook Shot,2PT Field Goal,In The Paint (Non-RA),Center(C),Less Than 8 ft.,6,-47,39,1,1,20230419,DEN,MIN
13,Shot Chart Detail,0042200142,98,203999,Nikola Jokic,1610612743,Denver Nuggets,1,4,6,Made Shot,Driving Finger Roll Layup Shot,2PT Field Goal,Restricted Area,Center(C),Less Than 8 ft.,3,-32,20,1,1,20230419,DEN,MIN
14,Shot Chart Detail,0042200142,118,203999,Nikola Jokic,1610612743,Denver Nuggets,1,2,30,Made Shot,Putback Layup Shot,2PT Field Goal,Restricted Area,Center(C),Less Than 8 ft.,0,0,0,1,1,20230419,DEN,MIN
15,Shot Chart Detail,0042200142,225,203999,Nikola Jokic,1610612743,Denver Nuggets,2,7,14,Missed Shot,Jump Shot,3PT Field Goal,Above the Break 3,Center(C),24+ ft.,25,25,252,1,0,20230419,DEN,MIN
16,Shot Chart Detail,0042200142,234,203999,Nikola Jokic,1610612743,Denver Nuggets,2,6,53,Missed Shot,Floating Jump shot,2PT Field Goal,In The Paint (Non-RA),Center(C),8-16 ft.,8,-13,84,1,0,20230419,DEN,MIN
17,Shot Chart Detail,0042200142,257,203999,Nikola Jokic,1610612743,Denver Nuggets,2,5,19,Made Shot,Cutting Finger Roll Layup Shot,2PT Field Goal,Restricted Area,Center(C),Less Than 8 ft.,3,32,11,1,1,20230419,DEN,MIN
18,Shot Chart Detail,0042200142,276,203999,Nikola Jokic,1610612743,Denver Nuggets,2,3,23,Made Shot,Layup Shot,2PT Field Goal,Restricted Area,Center(C),Less Than 8 ft.,3,23,23,1,1,20230419,DEN,MIN
19,Shot Chart Detail,0042200142,280,203999,Nikola Jokic,1610612743,Denver Nuggets,2,2,38,Missed Shot,Turnaround Fadeaway shot,2PT Field Goal,In The Paint (Non-RA),Center(C),Less Than 8 ft.,6,-27,55,1,0,20230419,DEN,MIN
20,Shot Chart Detail,0042200142,286,203999,Nikola Jokic,1610612743,Denver Nuggets,2,2,35,Made Shot,Jump Shot,3PT Field Goal,Above the Break 3,Left Side Center(LC),24+ ft.,25,-169,193,1,1,20230419,DEN,MIN
21,Shot Chart Detail,0042200142,335,203999,Nikola Jokic,1610612743,Denver Nuggets,3,11,20,Missed Shot,Driving Floating Jump Shot,2PT Field Goal,In The Paint (Non-RA),Center(C),Less Than 8 ft.,5,-48,24,1,0,20230419,DEN,MIN
22,Shot Chart Detail,0042200142,375,203999,Nikola Jokic,1610612743,Denver Nuggets,3,8,20,Missed Shot,Hook Shot,2PT Field Goal,In The Paint (Non-RA),Center(C),Less Than 8 ft.,5,53,14,1,0,20230419,DEN,MIN
23,Shot Chart Detail,0042200142,381,203999,Nikola Jokic,1610612743,Denver Nuggets,3,7,45,Missed Shot,Cutting Layup Shot,2PT Field Goal,Restricted Area,Center(C),Less Than 8 ft.,2,-4,26,1,0,20230419,DEN,MIN
24,Shot Chart Detail,0042200142,388,203999,Nikola Jokic,1610612743,Denver Nuggets,3,7,20,Missed Shot,Turnaround Jump Shot,2PT Field Goal,In The Paint (Non-RA),Center(C),Less Than 8 ft.,5,5,50,1,0,20230419,DEN,MIN
25,Shot Chart Detail,0042200142,411,203999,Nikola Jokic,1610612743,Denver Nuggets,3,6,13,Made Shot,Turnaround Fadeaway shot,2PT Field Goal,Mid-Range,Left Side(L),8-16 ft.,15,-150,5,1,1,20230419,DEN,MIN
26,Shot Chart Detail,0042200142,423,203999,Nikola Jokic,1610612743,Denver Nuggets,3,4,42,Made Shot,Tip Layup Shot,2PT Field Goal,Restricted Area,Center(C),Less Than 8 ft.,2,25,10,1,1,20230419,DEN,MIN
27,Shot Chart Detail,0042200142,447,203999,Nikola Jokic,1610612743,Denver Nuggets,3,2,13,Missed Shot,Jump Shot,3PT Field Goal,Above the Break 3,Center(C),24+ ft.,25,-2,256,1,0,20230419,DEN,MIN
28,Shot Chart Detail,0042200142,450,203999,Nikola Jokic,1610612743,Denver Nuggets,3,1,34,Missed Shot,Driving Layup Shot,2PT Field Goal,Restricted Area,Center(C),Less Than 8 ft.,2,-20,10,1,0,20230419,DEN,MIN
29,Shot Chart Detail,0042200142,452,203999,Nikola Jokic,1610612743,Denver Nuggets,3,1,31,Made Shot,Putback Layup Shot,2PT Field Goal,Restricted Area,Center(C),Less Than 8 ft.,0,0,0,1,1,20230419,DEN,MIN
30,Shot Chart Detail,0042200142,549,203999,Nikola Jokic,1610612743,Denver Nuggets,4,7,45,Made Shot,Driving Layup Shot,2PT Field Goal,In The Paint (Non-RA),Center(C),Less Than 8 ft.,5,1,53,1,1,20230419,DEN,MIN
31,Shot Chart Detail,0042200143,8,203999,Nikola Jokic,1610612743,Denver Nuggets,1,11,34,Made Shot,Driving Hook Shot,2PT Field Goal,Restricted Area,Center(C),Less Than 8 ft.,3,-6,36,1,1,20230421,MIN,DEN
32,Shot Chart Detail,0042200143,31,203999,Nikola Jokic,1610612743,Denver Nuggets,1,8,25,Made Shot,Hook Shot,2PT Field Goal,In The Paint (Non-RA),Center(C),Less Than 8 ft.,5,-2,50,1,1,20230421,MIN,DEN
33,Shot Chart Detail,0042200143,44,203999,Nikola Jokic,1610612743,Denver Nuggets,1,7,38,Missed Shot,Layup Shot,2PT Field Goal,Restricted Area,Center(C),Less Than 8 ft.,2,2,21,1,0,20230421,MIN,DEN
34,Shot Chart Detail,0042200143,67,203999,Nikola Jokic,1610612743,Denver Nuggets,1,6,13,Made Shot,Driving Floating Jump Shot,2PT Field Goal,In The Paint (Non-RA),Center(C),Less Than 8 ft.,4,-12,47,1,1,20230421,MIN,DEN
35,Shot Chart Detail,0042200143,71,203999,Nikola Jokic,1610612743,Denver Nuggets,1,5,38,Missed Shot,Jump Shot,3PT Field Goal,Above the Break 3,Right Side Center(RC),24+ ft.,25,97,237,1,0,20230421,MIN,DEN
36,Shot Chart Detail,0042200143,107,203999,Nikola Jokic,1610612743,Denver Nuggets,1,3,26,Made Shot,Jump Shot,3PT Field Goal,Above the Break 3,Center(C),24+ ft.,24,1,246,1,1,20230421,MIN,DEN
37,Shot Chart Detail,0042200143,132,203999,Nikola Jokic,1610612743,Denver Nuggets,1,1,32,Made Shot,Tip Layup Shot,2PT Field Goal,Restricted Area,Center(C),Less Than 8 ft.,0,0,0,1,1,20230421,MIN,DEN
38,Shot Chart Detail,0042200143,341,203999,Nikola Jokic,1610612743,Denver Nuggets,3,10,43,Made Shot,Jump Shot,3PT Field Goal,Above the Break 3,Center(C),24+ ft.,25,-4,257,1,1,20230421,MIN,DEN
39,Shot Chart Detail,0042200143,361,203999,Nikola Jokic,1610612743,Denver Nuggets,3,8,58,Missed Shot,Floating Jump shot,2PT Field Goal,In The Paint (Non-RA),Center(C),Less Than 8 ft.,5,30,40,1,0,20230421,MIN,DEN
40,Shot Chart Detail,0042200143,391,203999,Nikola Jokic,1610612743,Denver Nuggets,3,6,8,Made Shot,Turnaround Hook Shot,2PT Field Goal,In The Paint (Non-RA),Center(C),Less Than 8 ft.,5,16,55,1,1,20230421,MIN,DEN
41,Shot Chart Detail,0042200143,547,203999,Nikola Jokic,1610612743,Denver Nuggets,4,7,1,Made Shot,Turnaround Hook Shot,2PT Field Goal,In The Paint (Non-RA),Center(C),Less Than 8 ft.,5,16,57,1,1,20230421,MIN,DEN
42,Shot Chart Detail,0042200143,554,203999,Nikola Jokic,1610612743,Denver Nuggets,4,6,19,Missed Shot,Jump Shot,2PT Field Goal,Mid-Range,Center(C),8-16 ft.,15,38,151,1,0,20230421,MIN,DEN
43,Shot Chart Detail,0042200143,618,203999,Nikola Jokic,1610612743,Denver Nuggets,4,2,7,Made Shot,Floating Jump shot,2PT Field Goal,In The Paint (Non-RA),Center(C),Less Than 8 ft.,5,7,57,1,1,20230421,MIN,DEN
44,Shot Chart Detail,0042200144,14,203999,Nikola Jokic,1610612743,Denver Nuggets,1,10,56,Missed Shot,Jump Shot,2PT Field Goal,Mid-Range,Right Side(R),8-16 ft.,12,112,57,1,0,20230423,MIN,DEN
45,Shot Chart Detail,0042200144,24,203999,Nikola Jokic,1610612743,Denver Nuggets,1,9,54,Missed Shot,Jump Shot,3PT Field Goal,Above the Break 3,Left Side Center(LC),24+ ft.,25,-98,236,1,0,20230423,MIN,DEN
46,Shot Chart Detail,0042200144,50,203999,Nikola Jokic,1610612743,Denver Nuggets,1,7,53,Missed Shot,Floating Jump shot,2PT Field Goal,In The Paint (Non-RA),Center(C),Less Than 8 ft.,5,44,38,1,0,20230423,MIN,DEN
47,Shot Chart Detail,0042200144,66,203999,Nikola Jokic,1610612743,Denver Nuggets,1,6,26,Made Shot,Driving Finger Roll Layup Shot,2PT Field Goal,Restricted Area,Center(C),Less Than 8 ft.,2,-1,27,1,1,20230423,MIN,DEN
48,Shot Chart Detail,0042200144,84,203999,Nikola Jokic,1610612743,Denver Nuggets,1,5,31,Made Shot,Driving Dunk Shot,2PT Field Goal,Restricted Area,Center(C),Less Than 8 ft.,0,2,6,1,1,20230423,MIN,DEN
49,Shot Chart Detail,0042200144,92,203999,Nikola Jokic,1610612743,Denver Nuggets,1,4,30,Made Shot,Layup Shot,2PT Field Goal,Restricted Area,Center(C),Less Than 8 ft.,0,-1,0,1,1,20230423,MIN,DEN
50,Shot Chart Detail,0042200144,98,203999,Nikola Jokic,1610612743,Denver Nuggets,1,4,6,Missed Shot,Putback Layup Shot,2PT Field Goal,Restricted Area,Center(C),Less Than 8 ft.,3,-1,34,1,0,20230423,MIN,DEN
51,Shot Chart Detail,0042200144,118,203999,Nikola Jokic,1610612743,Denver Nuggets,1,3,5,Missed Shot,Pullup Jump shot,2PT Field Goal,In The Paint (Non-RA),Center(C),Less Than 8 ft.,7,-48,54,1,0,20230423,MIN,DEN
52,Shot Chart Detail,0042200144,246,203999,Nikola Jokic,1610612743,Denver Nuggets,2,5,52,Made Shot,Jump Shot,3PT Field Goal,Above the Break 3,Center(C),24+ ft.,25,-27,254,1,1,20230423,MIN,DEN
53,Shot Chart Detail,0042200144,274,203999,Nikola Jokic,1610612743,Denver Nuggets,2,3,21,Made Shot,Layup Shot,2PT Field Goal,In The Paint (Non-RA),Center(C),Less Than 8 ft.,4,-23,37,1,1,20230423,MIN,DEN
54,Shot Chart Detail,0042200144,283,203999,Nikola Jokic,1610612743,Denver Nuggets,2,2,35,Missed Shot,Jump Shot,3PT Field Goal,Above the Break 3,Center(C),24+ ft.,25,40,251,1,0,20230423,MIN,DEN
55,Shot Chart Detail,0042200144,337,203999,Nikola Jokic,1610612743,Denver Nuggets,3,10,20,Made Shot,Driving Floating Bank Jump Shot,2PT Field Goal,In The Paint (Non-RA),Center(C),Less Than 8 ft.,7,65,42,1,1,20230423,MIN,DEN
56,Shot Chart Detail,0042200144,360,203999,Nikola Jokic,1610612743,Denver Nuggets,3,8,2,Made Shot,Pullup Jump shot,3PT Field Goal,Above the Break 3,Left Side Center(LC),24+ ft.,25,-88,239,1,1,20230423,MIN,DEN
57,Shot Chart Detail,0042200144,363,203999,Nikola Jokic,1610612743,Denver Nuggets,3,7,28,Made Shot,Jump Shot,3PT Field Goal,Above the Break 3,Center(C),24+ ft.,25,69,246,1,1,20230423,MIN,DEN
58,Shot Chart Detail,0042200144,391,203999,Nikola Jokic,1610612743,Denver Nuggets,3,5,13,Made Shot,Driving Floating Jump Shot,2PT Field Goal,In The Paint (Non-RA),Center(C),8-16 ft.,10,6,105,1,1,20230423,MIN,DEN
59,Shot Chart Detail,0042200144,406,203999,Nikola Jokic,1610612743,Denver Nuggets,3,4,17,Made Shot,Jump Shot,3PT Field Goal,Above the Break 3,Center(C),24+ ft.,26,42,261,1,1,20230423,MIN,DEN
60,Shot Chart Detail,0042200144,411,203999,Nikola Jokic,1610612743,Denver Nuggets,3,3,44,Missed Shot,Driving Hook Shot,2PT Field Goal,In The Paint (Non-RA),Center(C),Less Than 8 ft.,7,32,63,1,0,20230423,MIN,DEN
61,Shot Chart Detail,0042200144,552,203999,Nikola Jokic,1610612743,Denver Nuggets,4,5,27,Made Shot,Cutting Dunk Shot,2PT Field Goal,Restricted Area,Center(C),Less Than 8 ft.,1,2,13,1,1,20230423,MIN,DEN
62,Shot Chart Detail,0042200144,567,203999,Nikola Jokic,1610612743,Denver Nuggets,4,4,7,Missed Shot,Driving Floating Jump Shot,2PT Field Goal,In The Paint (Non-RA),Center(C),Less Than 8 ft.,5,4,57,1,0,20230423,MIN,DEN
63,Shot Chart Detail,0042200144,582,203999,Nikola Jokic,1610612743,Denver Nuggets,4,2,36,Made Shot,Jump Shot,3PT Field Goal,Above the Break 3,Right Side Center(RC),24+ ft.,25,104,235,1,1,20230423,MIN,DEN
64,Shot Chart Detail,0042200144,596,203999,Nikola Jokic,1610612743,Denver Nuggets,4,0,48,Made Shot,Turnaround Fadeaway shot,2PT Field Goal,In The Paint (Non-RA),Center(C),8-16 ft.,10,15,105,1,1,20230423,MIN,DEN
65,Shot Chart Detail,0042200144,639,203999,Nikola Jokic,1610612743,Denver Nuggets,5,3,24,Made Shot,Jump Shot,2PT Field Goal,In The Paint (Non-RA),Left Side(L),8-16 ft.,8,-68,51,1,1,20230423,MIN,DEN
66,Shot Chart Detail,0042200144,647,203999,Nikola Jokic,1610612743,Denver Nuggets,5,2,49,Missed Shot,Floating Jump shot,2PT Field Goal,In The Paint (Non-RA),Center(C),Less Than 8 ft.,6,-1,69,1,0,20230423,MIN,DEN
67,Shot Chart Detail,0042200144,663,203999,Nikola Jokic,1610612743,Denver Nuggets,5,1,38,Missed Shot,Floating Jump shot,2PT Field Goal,In The Paint (Non-RA),Center(C),Less Than 8 ft.,5,1,55,1,0,20230423,MIN,DEN
68,Shot Chart Detail,0042200144,673,203999,Nikola Jokic,1610612743,Denver Nuggets,5,0,31,Made Shot,Layup Shot,2PT Field Goal,Restricted Area,Center(C),Less Than 8 ft.,1,-5,13,1,1,20230423,MIN,DEN
69,Shot Chart Detail,0042200144,677,203999,Nikola Jokic,1610612743,Denver Nuggets,5,0,8,Missed Shot,Jump Shot,3PT Field Goal,Above the Break 3,Center(C),24+ ft.,25,65,245,1,0,20230423,MIN,DEN
70,Shot Chart Detail,0042200145,14,203999,Nikola Jokic,1610612743,Denver Nuggets,1,11,3,Missed Shot,Jump Shot,3PT Field Goal,Above the Break 3,Right Side Center(RC),24+ ft.,25,126,226,1,0,20230425,DEN,MIN
71,Shot Chart Detail,0042200145,39,203999,Nikola Jokic,1610612743,Denver Nuggets,1,8,11,Missed Shot,Jump Shot,3PT Field Goal,Above the Break 3,Center(C),24+ ft.,25,16,259,1,0,20230425,DEN,MIN
72,Shot Chart Detail,0042200145,52,203999,Nikola Jokic,1610612743,Denver Nuggets,1,6,52,Missed Shot,Jump Shot,2PT Field Goal,Mid-Range,Center(C),16-24 ft.,18,6,181,1,0,20230425,DEN,MIN
73,Shot Chart Detail,0042200145,72,203999,Nikola Jokic,1610612743,Denver Nuggets,1,5,24,Made Shot,Jump Shot,3PT Field Goal,Above the Break 3,Center(C),24+ ft.,26,-12,260,1,1,20230425,DEN,MIN
74,Shot Chart Detail,0042200145,99,203999,Nikola Jokic,1610612743,Denver Nuggets,1,2,41,Missed Shot,Driving Layup Shot,2PT Field Goal,In The Paint (Non-RA),Center(C),Less Than 8 ft.,7,-56,52,1,0,20230425,DEN,MIN
75,Shot Chart Detail,0042200145,208,203999,Nikola Jokic,1610612743,Denver Nuggets,2,8,50,Missed Shot,Jump Shot,2PT Field Goal,Mid-Range,Left Side Center(LC),16-24 ft.,19,-138,141,1,0,20230425,DEN,MIN
76,Shot Chart Detail,0042200145,222,203999,Nikola Jokic,1610612743,Denver Nuggets,2,7,38,Missed Shot,Turnaround Bank Hook Shot,2PT Field Goal,In The Paint (Non-RA),Center(C),Less Than 8 ft.,6,60,20,1,0,20230425,DEN,MIN
77,Shot Chart Detail,0042200145,273,203999,Nikola Jokic,1610612743,Denver Nuggets,2,4,24,Missed Shot,Jump Shot,2PT Field Goal,Mid-Range,Center(C),16-24 ft.,16,28,160,1,0,20230425,DEN,MIN
78,Shot Chart Detail,0042200145,287,203999,Nikola Jokic,1610612743,Denver Nuggets,2,3,28,Missed Shot,Jump Shot,2PT Field Goal,Mid-Range,Left Side Center(LC),16-24 ft.,17,-86,148,1,0,20230425,DEN,MIN
79,Shot Chart Detail,0042200145,297,203999,Nikola Jokic,1610612743,Denver Nuggets,2,2,53,Made Shot,Running Layup Shot,2PT Field Goal,In The Paint (Non-RA),Center(C),Less Than 8 ft.,4,-39,17,1,1,20230425,DEN,MIN
80,Shot Chart Detail,0042200145,360,203999,Nikola Jokic,1610612743,Denver Nuggets,3,10,18,Made Shot,Running Dunk Shot,2PT Field Goal,Restricted Area,Center(C),Less Than 8 ft.,1,2,17,1,1,20230425,DEN,MIN
81,Shot Chart Detail,0042200145,370,203999,Nikola Jokic,1610612743,Denver Nuggets,3,9,11,Missed Shot,Driving Floating Jump Shot,2PT Field Goal,In The Paint (Non-RA),Center(C),Less Than 8 ft.,5,9,55,1,0,20230425,DEN,MIN
82,Shot Chart Detail,0042200145,406,203999,Nikola Jokic,1610612743,Denver Nuggets,3,7,17,Missed Shot,Fadeaway Jump Shot,2PT Field Goal,Mid-Range,Center(C),8-16 ft.,15,48,151,1,0,20230425,DEN,MIN
83,Shot Chart Detail,0042200145,409,203999,Nikola Jokic,1610612743,Denver Nuggets,3,6,46,Made Shot,Step Back Jump shot,3PT Field Goal,Above the Break 3,Left Side Center(LC),24+ ft.,26,-156,211,1,1,20230425,DEN,MIN
84,Shot Chart Detail,0042200145,419,203999,Nikola Jokic,1610612743,Denver Nuggets,3,5,51,Missed Shot,Fadeaway Jump Shot,2PT Field Goal,Mid-Range,Center(C),8-16 ft.,15,44,146,1,0,20230425,DEN,MIN
85,Shot Chart Detail,0042200145,445,203999,Nikola Jokic,1610612743,Denver Nuggets,3,3,51,Missed Shot,Turnaround Hook Shot,2PT Field Goal,In The Paint (Non-RA),Center(C),Less Than 8 ft.,4,-23,36,1,0,20230425,DEN,MIN
86,Shot Chart Detail,0042200145,457,203999,Nikola Jokic,1610612743,Denver Nuggets,3,3,14,Made Shot,Jump Shot,3PT Field Goal,Above the Break 3,Center(C),24+ ft.,25,-75,245,1,1,20230425,DEN,MIN
87,Shot Chart Detail,0042200145,471,203999,Nikola Jokic,1610612743,Denver Nuggets,3,2,11,Missed Shot,Tip Layup Shot,2PT Field Goal,Restricted Area,Center(C),Less Than 8 ft.,0,0,0,1,0,20230425,DEN,MIN
88,Shot Chart Detail,0042200145,473,203999,Nikola Jokic,1610612743,Denver Nuggets,3,2,8,Made Shot,Putback Layup Shot,2PT Field Goal,Restricted Area,Center(C),Less Than 8 ft.,0,0,0,1,1,20230425,DEN,MIN
89,Shot Chart Detail,0042200145,497,203999,Nikola Jokic,1610612743,Denver Nuggets,3,0,6,Missed Shot,Jump Shot,3PT Field Goal,Right Corner 3,Right Side(R),24+ ft.,23,233,9,1,0,20230425,DEN,MIN
90,Shot Chart Detail,0042200145,551,203999,Nikola Jokic,1610612743,Denver Nuggets,4,8,20,Missed Shot,Pullup Jump shot,2PT Field Goal,Mid-Range,Center(C),16-24 ft.,17,12,174,1,0,20230425,DEN,MIN
91,Shot Chart Detail,0042200145,596,203999,Nikola Jokic,1610612743,Denver Nuggets,4,4,27,Missed Shot,Jump Shot,3PT Field Goal,Above the Break 3,Right Side Center(RC),24+ ft.,28,100,262,1,0,20230425,DEN,MIN
92,Shot Chart Detail,0042200145,610,203999,Nikola Jokic,1610612743,Denver Nuggets,4,3,39,Missed Shot,Turnaround Fadeaway shot,2PT Field Goal,In The Paint (Non-RA),Center(C),Less Than 8 ft.,7,5,74,1,0,20230425,DEN,MIN
93,Shot Chart Detail,0042200145,617,203999,Nikola Jokic,1610612743,Denver Nuggets,4,2,58,Missed Shot,Driving Floating Jump Shot,2PT Field Goal,In The Paint (Non-RA),Center(C),8-16 ft.,8,34,78,1,0,20230425,DEN,MIN
94,Shot Chart Detail,0042200145,637,203999,Nikola Jokic,1610612743,Denver Nuggets,4,1,57,Missed Shot,Pullup Jump shot,3PT Field Goal,Above the Break 3,Center(C),24+ ft.,24,50,243,1,0,20230425,DEN,MIN
95,Shot Chart Detail,0042200145,646,203999,Nikola Jokic,1610612743,Denver Nuggets,4,0,52,Missed Shot,Driving Floating Jump Shot,2PT Field Goal,In The Paint (Non-RA),Center(C),8-16 ft.,8,40,73,1,0,20230425,DEN,MIN
96,Shot Chart Detail,0042200145,648,203999,Nikola Jokic,1610612743,Denver Nuggets,4,0,52,Missed Shot,Tip Layup Shot,2PT Field Goal,Restricted Area,Center(C),Less Than 8 ft.,0,0,0,1,0,20230425,DEN,MIN
97,Shot Chart Detail,0042200145,650,203999,Nikola Jokic,1610612743,Denver Nuggets,4,0,52,Made Shot,Tip Layup Shot,2PT Field Goal,Restricted Area,Center(C),Less Than 8 ft.,0,0,0,1,1,20230425,DEN,MIN
98,Shot Chart Detail,0042200145,654,203999,Nikola Jokic,1610612743,Denver Nuggets,4,0,28,Made Shot,Hook Shot,2PT Field Goal,In The Paint (Non-RA),Center(C),Less Than 8 ft.,4,9,40,1,1,20230425,DEN,MIN
99,Shot Chart Detail,0042200221,49,203999,Nikola Jokic,1610612743,Denver Nuggets,1,6,19,Missed Shot,Hook Shot,2PT Field Goal,In The Paint (Non-RA),Center(C),Less Than 8 ft.,7,71,24,1,0,20230429,DEN,PHX
100,Shot Chart Detail,0042200221,57,203999,Nikola Jokic,1610612743,Denver Nuggets,1,5,56,Made Shot,Putback Layup Shot,2PT Field Goal,Restricted Area,Center(C),Less Than 8 ft.,0,0,0,1,1,20230429,DEN,PHX
101,Shot Chart Detail,0042200221,59,203999,Nikola Jokic,1610612743,Denver Nuggets,1,5,25,Missed Shot,Driving Floating Jump Shot,2PT Field Goal,In The Paint (Non-RA),Right Side(R),8-16 ft.,8,49,75,1,0,20230429,DEN,PHX
102,Shot Chart Detail,0042200221,61,203999,Nikola Jokic,1610612743,Denver Nuggets,1,5,22,Missed Shot,Tip Layup Shot,2PT Field Goal,Restricted Area,Center(C),Less Than 8 ft.,0,0,0,1,0,20230429,DEN,PHX
103,Shot Chart Detail,0042200221,63,203999,Nikola Jokic,1610612743,Denver Nuggets,1,5,20,Missed Shot,Tip Layup Shot,2PT Field Goal,Restricted Area,Center(C),Less Than 8 ft.,0,0,0,1,0,20230429,DEN,PHX
104,Shot Chart Detail,0042200221,77,203999,Nikola Jokic,1610612743,Denver Nuggets,1,4,14,Made Shot,Floating Jump shot,2PT Field Goal,In The Paint (Non-RA),Center(C),Less Than 8 ft.,6,47,38,1,1,20230429,DEN,PHX
105,Shot Chart Detail,0042200221,81,203999,Nikola Jokic,1610612743,Denver Nuggets,1,3,44,Made Shot,Running Jump Shot,2PT Field Goal,In The Paint (Non-RA),Center(C),Less Than 8 ft.,7,-2,79,1,1,20230429,DEN,PHX
106,Shot Chart Detail,0042200221,99,203999,Nikola Jokic,1610612743,Denver Nuggets,1,2,48,Made Shot,Floating Jump shot,2PT Field Goal,In The Paint (Non-RA),Center(C),8-16 ft.,13,66,121,1,1,20230429,DEN,PHX
107,Shot Chart Detail,0042200221,96,203999,Nikola Jokic,1610612743,Denver Nuggets,1,2,48,Missed Shot,Turnaround Hook Shot,2PT Field Goal,In The Paint (Non-RA),Center(C),Less Than 8 ft.,5,0,52,1,0,20230429,DEN,PHX
108,Shot Chart Detail,0042200221,244,203999,Nikola Jokic,1610612743,Denver Nuggets,2,5,3,Missed Shot,Tip Layup Shot,2PT Field Goal,Restricted Area,Center(C),Less Than 8 ft.,0,0,0,1,0,20230429,DEN,PHX
109,Shot Chart Detail,0042200221,246,203999,Nikola Jokic,1610612743,Denver Nuggets,2,5,2,Missed Shot,Tip Layup Shot,2PT Field Goal,Restricted Area,Center(C),Less Than 8 ft.,0,0,0,1,0,20230429,DEN,PHX
110,Shot Chart Detail,0042200221,248,203999,Nikola Jokic,1610612743,Denver Nuggets,2,5,0,Missed Shot,Putback Layup Shot,2PT Field Goal,Restricted Area,Center(C),Less Than 8 ft.,0,0,0,1,0,20230429,DEN,PHX
111,Shot Chart Detail,0042200221,264,203999,Nikola Jokic,1610612743,Denver Nuggets,2,4,34,Missed Shot,Driving Floating Jump Shot,2PT Field Goal,In The Paint (Non-RA),Right Side(R),8-16 ft.,8,69,56,1,0,20230429,DEN,PHX
112,Shot Chart Detail,0042200221,307,203999,Nikola Jokic,1610612743,Denver Nuggets,2,0,40,Made Shot,Running Dunk Shot,2PT Field Goal,Restricted Area,Center(C),Less Than 8 ft.,1,-1,10,1,1,20230429,DEN,PHX
113,Shot Chart Detail,0042200221,347,203999,Nikola Jokic,1610612743,Denver Nuggets,3,11,11,Missed Shot,Jump Shot,3PT Field Goal,Above the Break 3,Right Side Center(RC),24+ ft.,26,132,228,1,0,20230429,DEN,PHX
114,Shot Chart Detail,0042200221,352,203999,Nikola Jokic,1610612743,Denver Nuggets,3,10,17,Made Shot,Floating Jump shot,2PT Field Goal,In The Paint (Non-RA),Center(C),Less Than 8 ft.,6,17,62,1,1,20230429,DEN,PHX
115,Shot Chart Detail,0042200221,356,203999,Nikola Jokic,1610612743,Denver Nuggets,3,9,40,Missed Shot,Turnaround Hook Shot,2PT Field Goal,In The Paint (Non-RA),Center(C),Less Than 8 ft.,6,43,46,1,0,20230429,DEN,PHX
116,Shot Chart Detail,0042200221,368,203999,Nikola Jokic,1610612743,Denver Nuggets,3,8,40,Made Shot,Finger Roll Layup Shot,2PT Field Goal,In The Paint (Non-RA),Center(C),Less Than 8 ft.,4,32,25,1,1,20230429,DEN,PHX
117,Shot Chart Detail,0042200221,424,203999,Nikola Jokic,1610612743,Denver Nuggets,3,4,50,Missed Shot,Tip Layup Shot,2PT Field Goal,Restricted Area,Center(C),Less Than 8 ft.,2,10,19,1,0,20230429,DEN,PHX
118,Shot Chart Detail,0042200221,415,203999,Nikola Jokic,1610612743,Denver Nuggets,3,4,38,Made Shot,Jump Shot,3PT Field Goal,Above the Break 3,Right Side Center(RC),24+ ft.,27,135,238,1,1,20230429,DEN,PHX
119,Shot Chart Detail,0042200221,559,203999,Nikola Jokic,1610612743,Denver Nuggets,4,6,12,Made Shot,Cutting Finger Roll Layup Shot,2PT Field Goal,Restricted Area,Center(C),Less Than 8 ft.,2,-7,28,1,1,20230429,DEN,PHX
120,Shot Chart Detail,0042200222,9,203999,Nikola Jokic,1610612743,Denver Nuggets,1,11,26,Missed Shot,Layup Shot,2PT Field Goal,Restricted Area,Center(C),Less Than 8 ft.,3,-33,1,1,0,20230501,DEN,PHX
121,Shot Chart Detail,0042200222,19,203999,Nikola Jokic,1610612743,Denver Nuggets,1,10,58,Made Shot,Jump Shot,3PT Field Goal,Above the Break 3,Right Side Center(RC),24+ ft.,24,89,232,1,1,20230501,DEN,PHX
122,Shot Chart Detail,0042200222,23,203999,Nikola Jokic,1610612743,Denver Nuggets,1,10,13,Made Shot,Reverse Layup Shot,2PT Field Goal,Restricted Area,Center(C),Less Than 8 ft.,2,-21,5,1,1,20230501,DEN,PHX
123,Shot Chart Detail,0042200222,32,203999,Nikola Jokic,1610612743,Denver Nuggets,1,9,9,Missed Shot,Jump Shot,3PT Field Goal,Above the Break 3,Right Side Center(RC),24+ ft.,25,94,234,1,0,20230501,DEN,PHX
124,Shot Chart Detail,0042200222,42,203999,Nikola Jokic,1610612743,Denver Nuggets,1,8,24,Made Shot,Floating Jump shot,2PT Field Goal,In The Paint (Non-RA),Center(C),Less Than 8 ft.,4,-43,10,1,1,20230501,DEN,PHX
125,Shot Chart Detail,0042200222,55,203999,Nikola Jokic,1610612743,Denver Nuggets,1,6,53,Made Shot,Driving Hook Shot,2PT Field Goal,In The Paint (Non-RA),Center(C),Less Than 8 ft.,5,7,53,1,1,20230501,DEN,PHX
126,Shot Chart Detail,0042200222,73,203999,Nikola Jokic,1610612743,Denver Nuggets,1,5,28,Missed Shot,Floating Jump shot,2PT Field Goal,In The Paint (Non-RA),Center(C),Less Than 8 ft.,6,6,61,1,0,20230501,DEN,PHX
127,Shot Chart Detail,0042200222,97,203999,Nikola Jokic,1610612743,Denver Nuggets,1,3,33,Made Shot,Jump Shot,2PT Field Goal,Mid-Range,Center(C),8-16 ft.,14,9,143,1,1,20230501,DEN,PHX
128,Shot Chart Detail,0042200222,123,203999,Nikola Jokic,1610612743,Denver Nuggets,1,1,56,Missed Shot,Jump Shot,2PT Field Goal,Mid-Range,Right Side(R),16-24 ft.,17,159,82,1,0,20230501,DEN,PHX
129,Shot Chart Detail,0042200222,233,203999,Nikola Jokic,1610612743,Denver Nuggets,2,7,15,Missed Shot,Jump Shot,3PT Field Goal,Above the Break 3,Center(C),24+ ft.,24,13,247,1,0,20230501,DEN,PHX
130,Shot Chart Detail,0042200222,294,203999,Nikola Jokic,1610612743,Denver Nuggets,2,3,12,Made Shot,Jump Shot,2PT Field Goal,In The Paint (Non-RA),Center(C),8-16 ft.,12,45,115,1,1,20230501,DEN,PHX
131,Shot Chart Detail,0042200222,307,203999,Nikola Jokic,1610612743,Denver Nuggets,2,1,42,Missed Shot,Turnaround Bank shot,2PT Field Goal,In The Paint (Non-RA),Right Side(R),8-16 ft.,9,77,53,1,0,20230501,DEN,PHX
132,Shot Chart Detail,0042200222,342,203999,Nikola Jokic,1610612743,Denver Nuggets,3,11,18,Made Shot,Running Finger Roll Layup Shot,2PT Field Goal,Restricted Area,Center(C),Less Than 8 ft.,2,-10,27,1,1,20230501,DEN,PHX
133,Shot Chart Detail,0042200222,348,203999,Nikola Jokic,1610612743,Denver Nuggets,3,10,47,Missed Shot,Jump Shot,3PT Field Goal,Above the Break 3,Center(C),24+ ft.,26,-7,265,1,0,20230501,DEN,PHX
134,Shot Chart Detail,0042200222,362,203999,Nikola Jokic,1610612743,Denver Nuggets,3,8,58,Made Shot,Tip Layup Shot,2PT Field Goal,Restricted Area,Center(C),Less Than 8 ft.,0,0,0,1,1,20230501,DEN,PHX
135,Shot Chart Detail,0042200222,382,203999,Nikola Jokic,1610612743,Denver Nuggets,3,7,18,Missed Shot,Jump Shot,3PT Field Goal,Above the Break 3,Center(C),24+ ft.,26,21,262,1,0,20230501,DEN,PHX
136,Shot Chart Detail,0042200222,385,203999,Nikola Jokic,1610612743,Denver Nuggets,3,6,44,Made Shot,Turnaround Hook Shot,2PT Field Goal,In The Paint (Non-RA),Center(C),Less Than 8 ft.,4,-4,48,1,1,20230501,DEN,PHX
137,Shot Chart Detail,0042200222,429,203999,Nikola Jokic,1610612743,Denver Nuggets,3,3,48,Made Shot,Driving Floating Bank Jump Shot,2PT Field Goal,In The Paint (Non-RA),Center(C),Less Than 8 ft.,6,58,36,1,1,20230501,DEN,PHX
138,Shot Chart Detail,0042200222,458,203999,Nikola Jokic,1610612743,Denver Nuggets,3,2,21,Missed Shot,Finger Roll Layup Shot,2PT Field Goal,Restricted Area,Center(C),Less Than 8 ft.,3,-32,16,1,0,20230501,DEN,PHX
139,Shot Chart Detail,0042200222,488,203999,Nikola Jokic,1610612743,Denver Nuggets,3,1,13,Missed Shot,Tip Layup Shot,2PT Field Goal,Restricted Area,Center(C),Less Than 8 ft.,2,10,20,1,0,20230501,DEN,PHX
140,Shot Chart Detail,0042200222,473,203999,Nikola Jokic,1610612743,Denver Nuggets,3,1,10,Made Shot,Putback Layup Shot,2PT Field Goal,Restricted Area,Center(C),Less Than 8 ft.,0,0,0,1,1,20230501,DEN,PHX
141,Shot Chart Detail,0042200222,476,203999,Nikola Jokic,1610612743,Denver Nuggets,3,0,34,Made Shot,Jump Shot,3PT Field Goal,Above the Break 3,Center(C),24+ ft.,27,-65,265,1,1,20230501,DEN,PHX
142,Shot Chart Detail,0042200222,479,203999,Nikola Jokic,1610612743,Denver Nuggets,3,0,2,Made Shot,Turnaround Fadeaway shot,2PT Field Goal,Mid-Range,Right Side(R),8-16 ft.,13,124,59,1,1,20230501,DEN,PHX
143,Shot Chart Detail,0042200222,549,203999,Nikola Jokic,1610612743,Denver Nuggets,4,7,42,Missed Shot,Fadeaway Jump Shot,2PT Field Goal,Mid-Range,Center(C),16-24 ft.,16,6,168,1,0,20230501,DEN,PHX
144,Shot Chart Detail,0042200222,553,203999,Nikola Jokic,1610612743,Denver Nuggets,4,7,24,Made Shot,Floating Jump shot,2PT Field Goal,In The Paint (Non-RA),Center(C),Less Than 8 ft.,7,20,68,1,1,20230501,DEN,PHX
145,Shot Chart Detail,0042200222,558,203999,Nikola Jokic,1610612743,Denver Nuggets,4,6,29,Made Shot,Driving Floating Jump Shot,2PT Field Goal,In The Paint (Non-RA),Center(C),8-16 ft.,10,48,96,1,1,20230501,DEN,PHX
146,Shot Chart Detail,0042200222,564,203999,Nikola Jokic,1610612743,Denver Nuggets,4,5,50,Missed Shot,Driving Floating Jump Shot,2PT Field Goal,In The Paint (Non-RA),Center(C),Less Than 8 ft.,6,43,53,1,0,20230501,DEN,PHX
147,Shot Chart Detail,0042200222,568,203999,Nikola Jokic,1610612743,Denver Nuggets,4,5,44,Missed Shot,Floating Jump shot,2PT Field Goal,In The Paint (Non-RA),Center(C),Less Than 8 ft.,7,18,70,1,0,20230501,DEN,PHX
148,Shot Chart Detail,0042200222,589,203999,Nikola Jokic,1610612743,Denver Nuggets,4,3,26,Made Shot,Floating Jump shot,2PT Field Goal,In The Paint (Non-RA),Center(C),Less Than 8 ft.,7,-59,43,1,1,20230501,DEN,PHX
149,Shot Chart Detail,0042200222,605,203999,Nikola Jokic,1610612743,Denver Nuggets,4,1,34,Made Shot,Jump Shot,2PT Field Goal,Mid-Range,Center(C),8-16 ft.,15,-64,144,1,1,20230501,DEN,PHX
150,Shot Chart Detail,0042200223,46,203999,Nikola Jokic,1610612743,Denver Nuggets,1,7,42,Made Shot,Turnaround Fadeaway shot,2PT Field Goal,Mid-Range,Left Side(L),8-16 ft.,12,-120,8,1,1,20230505,PHX,DEN
151,Shot Chart Detail,0042200223,61,203999,Nikola Jokic,1610612743,Denver Nuggets,1,6,12,Made Shot,Putback Layup Shot,2PT Field Goal,Restricted Area,Center(C),Less Than 8 ft.,2,23,3,1,1,20230505,PHX,DEN
152,Shot Chart Detail,0042200223,110,203999,Nikola Jokic,1610612743,Denver Nuggets,1,3,27,Missed Shot,Driving Layup Shot,2PT Field Goal,In The Paint (Non-RA),Center(C),Less Than 8 ft.,4,45,20,1,0,20230505,PHX,DEN
153,Shot Chart Detail,0042200223,277,203999,Nikola Jokic,1610612743,Denver Nuggets,2,4,7,Made Shot,Fadeaway Jump Shot,2PT Field Goal,In The Paint (Non-RA),Center(C),Less Than 8 ft.,6,34,53,1,1,20230505,PHX,DEN
154,Shot Chart Detail,0042200223,286,203999,Nikola Jokic,1610612743,Denver Nuggets,2,3,26,Made Shot,Running Dunk Shot,2PT Field Goal,In The Paint (Non-RA),Center(C),Less Than 8 ft.,5,-10,57,1,1,20230505,PHX,DEN
155,Shot Chart Detail,0042200223,289,203999,Nikola Jokic,1610612743,Denver Nuggets,2,2,56,Made Shot,Driving Reverse Layup Shot,2PT Field Goal,In The Paint (Non-RA),Center(C),Less Than 8 ft.,4,-48,13,1,1,20230505,PHX,DEN
156,Shot Chart Detail,0042200223,296,203999,Nikola Jokic,1610612743,Denver Nuggets,2,2,44,Missed Shot,Jump Shot,3PT Field Goal,Above the Break 3,Center(C),24+ ft.,26,-31,260,1,0,20230505,PHX,DEN
157,Shot Chart Detail,0042200223,326,203999,Nikola Jokic,1610612743,Denver Nuggets,2,0,2,Missed Shot,Driving Layup Shot,2PT Field Goal,In The Paint (Non-RA),Center(C),Less Than 8 ft.,5,-23,55,1,0,20230505,PHX,DEN
158,Shot Chart Detail,0042200223,380,203999,Nikola Jokic,1610612743,Denver Nuggets,3,8,52,Missed Shot,Finger Roll Layup Shot,2PT Field Goal,Restricted Area,Center(C),Less Than 8 ft.,3,32,2,1,0,20230505,PHX,DEN
159,Shot Chart Detail,0042200223,384,203999,Nikola Jokic,1610612743,Denver Nuggets,3,7,37,Made Shot,Jump Shot,3PT Field Goal,Above the Break 3,Center(C),24+ ft.,26,29,259,1,1,20230505,PHX,DEN
160,Shot Chart Detail,0042200223,523,203999,Nikola Jokic,1610612743,Denver Nuggets,4,9,47,Missed Shot,Tip Layup Shot,2PT Field Goal,Restricted Area,Center(C),Less Than 8 ft.,3,-2,34,1,0,20230505,PHX,DEN
161,Shot Chart Detail,0042200223,527,203999,Nikola Jokic,1610612743,Denver Nuggets,4,9,26,Missed Shot,Driving Floating Jump Shot,2PT Field Goal,In The Paint (Non-RA),Center(C),8-16 ft.,10,1,101,1,0,20230505,PHX,DEN
162,Shot Chart Detail,0042200223,544,203999,Nikola Jokic,1610612743,Denver Nuggets,4,8,26,Made Shot,Hook Shot,2PT Field Goal,In The Paint (Non-RA),Center(C),8-16 ft.,8,-2,81,1,1,20230505,PHX,DEN
163,Shot Chart Detail,0042200223,579,203999,Nikola Jokic,1610612743,Denver Nuggets,4,6,31,Missed Shot,Jump Shot,2PT Field Goal,Mid-Range,Right Side Center(RC),16-24 ft.,17,134,112,1,0,20230505,PHX,DEN
164,Shot Chart Detail,0042200223,588,203999,Nikola Jokic,1610612743,Denver Nuggets,4,5,59,Made Shot,Floating Jump shot,2PT Field Goal,In The Paint (Non-RA),Center(C),Less Than 8 ft.,4,-25,43,1,1,20230505,PHX,DEN
165,Shot Chart Detail,0042200223,619,203999,Nikola Jokic,1610612743,Denver Nuggets,4,3,4,Made Shot,Driving Floating Jump Shot,2PT Field Goal,In The Paint (Non-RA),Left Side(L),8-16 ft.,9,-59,70,1,1,20230505,PHX,DEN
166,Shot Chart Detail,0042200223,647,203999,Nikola Jokic,1610612743,Denver Nuggets,4,0,28,Made Shot,Driving Finger Roll Layup Shot,2PT Field Goal,In The Paint (Non-RA),Center(C),Less Than 8 ft.,5,-22,55,1,1,20230505,PHX,DEN
167,Shot Chart Detail,0042200223,673,203999,Nikola Jokic,1610612743,Denver Nuggets,4,0,9,Missed Shot,Putback Layup Shot,2PT Field Goal,In The Paint (Non-RA),Center(C),Less Than 8 ft.,4,-27,31,1,0,20230505,PHX,DEN
168,Shot Chart Detail,0042200223,675,203999,Nikola Jokic,1610612743,Denver Nuggets,4,0,8,Made Shot,Tip Layup Shot,2PT Field Goal,In The Paint (Non-RA),Center(C),Less Than 8 ft.,4,-26,38,1,1,20230505,PHX,DEN
169,Shot Chart Detail,0042200224,33,203999,Nikola Jokic,1610612743,Denver Nuggets,1,9,29,Made Shot,Putback Layup Shot,2PT Field Goal,Restricted Area,Center(C),Less Than 8 ft.,0,2,6,1,1,20230507,PHX,DEN
170,Shot Chart Detail,0042200224,61,203999,Nikola Jokic,1610612743,Denver Nuggets,1,7,24,Made Shot,Fadeaway Jump Shot,2PT Field Goal,In The Paint (Non-RA),Center(C),Less Than 8 ft.,7,26,69,1,1,20230507,PHX,DEN
171,Shot Chart Detail,0042200224,96,203999,Nikola Jokic,1610612743,Denver Nuggets,1,4,35,Made Shot,Jump Shot,3PT Field Goal,Above the Break 3,Center(C),24+ ft.,24,33,246,1,1,20230507,PHX,DEN
172,Shot Chart Detail,0042200224,132,203999,Nikola Jokic,1610612743,Denver Nuggets,1,2,42,Missed Shot,Driving Floating Jump Shot,2PT Field Goal,In The Paint (Non-RA),Center(C),Less Than 8 ft.,6,40,56,1,0,20230507,PHX,DEN
173,Shot Chart Detail,0042200224,135,203999,Nikola Jokic,1610612743,Denver Nuggets,1,2,9,Missed Shot,Jump Shot,2PT Field Goal,Mid-Range,Center(C),16-24 ft.,19,-54,185,1,0,20230507,PHX,DEN
174,Shot Chart Detail,0042200224,148,203999,Nikola Jokic,1610612743,Denver Nuggets,1,1,9,Missed Shot,Layup Shot,2PT Field Goal,In The Paint (Non-RA),Center(C),Less Than 8 ft.,4,-37,25,1,0,20230507,PHX,DEN
175,Shot Chart Detail,0042200224,238,203999,Nikola Jokic,1610612743,Denver Nuggets,2,7,6,Made Shot,Turnaround Jump Shot,2PT Field Goal,In The Paint (Non-RA),Center(C),Less Than 8 ft.,5,-9,51,1,1,20230507,PHX,DEN
176,Shot Chart Detail,0042200224,253,203999,Nikola Jokic,1610612743,Denver Nuggets,2,6,22,Made Shot,Floating Jump shot,2PT Field Goal,In The Paint (Non-RA),Center(C),8-16 ft.,9,40,90,1,1,20230507,PHX,DEN
177,Shot Chart Detail,0042200224,265,203999,Nikola Jokic,1610612743,Denver Nuggets,2,5,49,Made Shot,Cutting Layup Shot,2PT Field Goal,In The Paint (Non-RA),Center(C),Less Than 8 ft.,4,26,31,1,1,20230507,PHX,DEN
178,Shot Chart Detail,0042200224,281,203999,Nikola Jokic,1610612743,Denver Nuggets,2,4,23,Made Shot,Turnaround Hook Shot,2PT Field Goal,In The Paint (Non-RA),Center(C),Less Than 8 ft.,4,9,46,1,1,20230507,PHX,DEN
179,Shot Chart Detail,0042200224,290,203999,Nikola Jokic,1610612743,Denver Nuggets,2,3,35,Made Shot,Driving Floating Jump Shot,2PT Field Goal,In The Paint (Non-RA),Center(C),Less Than 8 ft.,6,59,31,1,1,20230507,PHX,DEN
180,Shot Chart Detail,0042200224,326,203999,Nikola Jokic,1610612743,Denver Nuggets,2,0,52,Made Shot,Jump Shot,2PT Field Goal,In The Paint (Non-RA),Center(C),Less Than 8 ft.,5,-49,20,1,1,20230507,PHX,DEN
181,Shot Chart Detail,0042200224,377,203999,Nikola Jokic,1610612743,Denver Nuggets,3,10,39,Made Shot,Turnaround Hook Shot,2PT Field Goal,In The Paint (Non-RA),Center(C),8-16 ft.,9,25,96,1,1,20230507,PHX,DEN
182,Shot Chart Detail,0042200224,393,203999,Nikola Jokic,1610612743,Denver Nuggets,3,8,56,Missed Shot,Floating Jump shot,2PT Field Goal,In The Paint (Non-RA),Center(C),8-16 ft.,12,-53,111,1,0,20230507,PHX,DEN
183,Shot Chart Detail,0042200224,397,203999,Nikola Jokic,1610612743,Denver Nuggets,3,8,29,Missed Shot,Jump Shot,3PT Field Goal,Above the Break 3,Center(C),24+ ft.,25,-18,254,1,0,20230507,PHX,DEN
184,Shot Chart Detail,0042200224,406,203999,Nikola Jokic,1610612743,Denver Nuggets,3,7,44,Made Shot,Driving Floating Jump Shot,2PT Field Goal,In The Paint (Non-RA),Center(C),Less Than 8 ft.,7,1,71,1,1,20230507,PHX,DEN
185,Shot Chart Detail,0042200224,417,203999,Nikola Jokic,1610612743,Denver Nuggets,3,6,47,Made Shot,Driving Layup Shot,2PT Field Goal,Restricted Area,Center(C),Less Than 8 ft.,2,-13,27,1,1,20230507,PHX,DEN
186,Shot Chart Detail,0042200224,425,203999,Nikola Jokic,1610612743,Denver Nuggets,3,5,46,Made Shot,Jump Shot,3PT Field Goal,Above the Break 3,Center(C),24+ ft.,25,-33,256,1,1,20230507,PHX,DEN
187,Shot Chart Detail,0042200224,441,203999,Nikola Jokic,1610612743,Denver Nuggets,3,4,3,Made Shot,Driving Floating Jump Shot,2PT Field Goal,Mid-Range,Left Side(L),8-16 ft.,14,-83,116,1,1,20230507,PHX,DEN
188,Shot Chart Detail,0042200224,458,203999,Nikola Jokic,1610612743,Denver Nuggets,3,3,6,Made Shot,Driving Layup Shot,2PT Field Goal,Restricted Area,Center(C),Less Than 8 ft.,2,20,17,1,1,20230507,PHX,DEN
189,Shot Chart Detail,0042200224,467,203999,Nikola Jokic,1610612743,Denver Nuggets,3,2,13,Missed Shot,Jump Shot,3PT Field Goal,Above the Break 3,Right Side Center(RC),24+ ft.,26,125,228,1,0,20230507,PHX,DEN
190,Shot Chart Detail,0042200224,474,203999,Nikola Jokic,1610612743,Denver Nuggets,3,0,58,Missed Shot,Turnaround Fadeaway shot,2PT Field Goal,In The Paint (Non-RA),Center(C),8-16 ft.,12,36,118,1,0,20230507,PHX,DEN
191,Shot Chart Detail,0042200224,551,203999,Nikola Jokic,1610612743,Denver Nuggets,4,7,13,Made Shot,Turnaround Bank Hook Shot,2PT Field Goal,In The Paint (Non-RA),Center(C),Less Than 8 ft.,4,33,34,1,1,20230507,PHX,DEN
192,Shot Chart Detail,0042200224,559,203999,Nikola Jokic,1610612743,Denver Nuggets,4,5,55,Missed Shot,Turnaround Jump Shot,2PT Field Goal,In The Paint (Non-RA),Center(C),Less Than 8 ft.,7,11,78,1,0,20230507,PHX,DEN
193,Shot Chart Detail,0042200224,566,203999,Nikola Jokic,1610612743,Denver Nuggets,4,5,16,Made Shot,Running Jump Shot,2PT Field Goal,In The Paint (Non-RA),Center(C),8-16 ft.,10,-20,105,1,1,20230507,PHX,DEN
194,Shot Chart Detail,0042200224,586,203999,Nikola Jokic,1610612743,Denver Nuggets,4,3,20,Made Shot,Turnaround Jump Shot,2PT Field Goal,In The Paint (Non-RA),Center(C),Less Than 8 ft.,5,-52,6,1,1,20230507,PHX,DEN
195,Shot Chart Detail,0042200224,591,203999,Nikola Jokic,1610612743,Denver Nuggets,4,2,36,Made Shot,Turnaround Jump Shot,2PT Field Goal,Mid-Range,Center(C),16-24 ft.,22,-67,210,1,1,20230507,PHX,DEN
196,Shot Chart Detail,0042200224,604,203999,Nikola Jokic,1610612743,Denver Nuggets,4,1,47,Missed Shot,Floating Jump shot,2PT Field Goal,In The Paint (Non-RA),Center(C),Less Than 8 ft.,7,-16,73,1,0,20230507,PHX,DEN
197,Shot Chart Detail,0042200224,630,203999,Nikola Jokic,1610612743,Denver Nuggets,4,0,17,Missed Shot,Driving Finger Roll Layup Shot,2PT Field Goal,In The Paint (Non-RA),Center(C),Less Than 8 ft.,4,-16,39,1,0,20230507,PHX,DEN
198,Shot Chart Detail,0042200224,637,203999,Nikola Jokic,1610612743,Denver Nuggets,4,0,8,Made Shot,Driving Layup Shot,2PT Field Goal,Restricted Area,Center(C),Less Than 8 ft.,0,7,7,1,1,20230507,PHX,DEN
199,Shot Chart Detail,0042200225,22,203999,Nikola Jokic,1610612743,Denver Nuggets,1,10,31,Made Shot,Fadeaway Jump Shot,2PT Field Goal,In The Paint (Non-RA),Center(C),Less Than 8 ft.,4,11,48,1,1,20230509,DEN,PHX
200,Shot Chart Detail,0042200225,45,203999,Nikola Jokic,1610612743,Denver Nuggets,1,8,46,Made Shot,Cutting Layup Shot,2PT Field Goal,Restricted Area,Center(C),Less Than 8 ft.,3,39,5,1,1,20230509,DEN,PHX
201,Shot Chart Detail,0042200225,89,203999,Nikola Jokic,1610612743,Denver Nuggets,1,5,39,Missed Shot,Driving Floating Bank Jump Shot,2PT Field Goal,Mid-Range,Right Side(R),8-16 ft.,9,81,43,1,0,20230509,DEN,PHX
202,Shot Chart Detail,0042200225,91,203999,Nikola Jokic,1610612743,Denver Nuggets,1,5,37,Missed Shot,Putback Layup Shot,2PT Field Goal,In The Paint (Non-RA),Center(C),Less Than 8 ft.,4,42,13,1,0,20230509,DEN,PHX
203,Shot Chart Detail,0042200225,106,203999,Nikola Jokic,1610612743,Denver Nuggets,1,4,57,Missed Shot,Layup Shot,2PT Field Goal,In The Paint (Non-RA),Center(C),Less Than 8 ft.,4,-21,39,1,0,20230509,DEN,PHX
204,Shot Chart Detail,0042200225,110,203999,Nikola Jokic,1610612743,Denver Nuggets,1,4,51,Missed Shot,Putback Layup Shot,2PT Field Goal,In The Paint (Non-RA),Center(C),Less Than 8 ft.,5,47,22,1,0,20230509,DEN,PHX
205,Shot Chart Detail,0042200225,237,203999,Nikola Jokic,1610612743,Denver Nuggets,2,7,5,Missed Shot,Fadeaway Jump Shot,3PT Field Goal,Above the Break 3,Center(C),24+ ft.,25,34,248,1,0,20230509,DEN,PHX
206,Shot Chart Detail,0042200225,245,203999,Nikola Jokic,1610612743,Denver Nuggets,2,6,41,Missed Shot,Jump Shot,2PT Field Goal,Mid-Range,Left Side(L),8-16 ft.,14,-141,19,1,0,20230509,DEN,PHX
207,Shot Chart Detail,0042200225,249,203999,Nikola Jokic,1610612743,Denver Nuggets,2,5,58,Missed Shot,Driving Layup Shot,2PT Field Goal,Restricted Area,Center(C),Less Than 8 ft.,3,16,26,1,0,20230509,DEN,PHX
208,Shot Chart Detail,0042200225,298,203999,Nikola Jokic,1610612743,Denver Nuggets,2,2,3,Made Shot,Turnaround Bank shot,2PT Field Goal,In The Paint (Non-RA),Center(C),Less Than 8 ft.,4,28,34,1,1,20230509,DEN,PHX
209,Shot Chart Detail,0042200225,302,203999,Nikola Jokic,1610612743,Denver Nuggets,2,1,25,Made Shot,Jump Shot,3PT Field Goal,Above the Break 3,Left Side Center(LC),24+ ft.,24,-188,156,1,1,20230509,DEN,PHX
210,Shot Chart Detail,0042200225,337,203999,Nikola Jokic,1610612743,Denver Nuggets,3,11,47,Made Shot,Jump Shot,2PT Field Goal,Mid-Range,Center(C),16-24 ft.,17,3,171,1,1,20230509,DEN,PHX
211,Shot Chart Detail,0042200225,365,203999,Nikola Jokic,1610612743,Denver Nuggets,3,9,19,Made Shot,Floating Jump shot,2PT Field Goal,In The Paint (Non-RA),Center(C),Less Than 8 ft.,7,38,65,1,1,20230509,DEN,PHX
212,Shot Chart Detail,0042200225,376,203999,Nikola Jokic,1610612743,Denver Nuggets,3,8,59,Made Shot,Running Layup Shot,2PT Field Goal,In The Paint (Non-RA),Center(C),Less Than 8 ft.,4,-25,32,1,1,20230509,DEN,PHX
213,Shot Chart Detail,0042200225,389,203999,Nikola Jokic,1610612743,Denver Nuggets,3,8,31,Made Shot,Jump Shot,3PT Field Goal,Above the Break 3,Center(C),24+ ft.,26,-60,259,1,1,20230509,DEN,PHX
214,Shot Chart Detail,0042200225,433,203999,Nikola Jokic,1610612743,Denver Nuggets,3,5,14,Made Shot,Running Jump Shot,2PT Field Goal,In The Paint (Non-RA),Center(C),Less Than 8 ft.,7,-34,67,1,1,20230509,DEN,PHX
215,Shot Chart Detail,0042200225,437,203999,Nikola Jokic,1610612743,Denver Nuggets,3,4,46,Made Shot,Running Finger Roll Layup Shot,2PT Field Goal,Restricted Area,Center(C),Less Than 8 ft.,3,32,21,1,1,20230509,DEN,PHX
216,Shot Chart Detail,0042200225,495,203999,Nikola Jokic,1610612743,Denver Nuggets,3,0,50,Missed Shot,Jump Bank Shot,2PT Field Goal,In The Paint (Non-RA),Center(C),Less Than 8 ft.,4,42,23,1,0,20230509,DEN,PHX
217,Shot Chart Detail,0042200225,513,203999,Nikola Jokic,1610612743,Denver Nuggets,3,0,8,Made Shot,Floating Jump shot,2PT Field Goal,In The Paint (Non-RA),Center(C),8-16 ft.,13,-67,122,1,1,20230509,DEN,PHX
218,Shot Chart Detail,0042200225,580,203999,Nikola Jokic,1610612743,Denver Nuggets,4,4,26,Made Shot,Floating Jump shot,2PT Field Goal,In The Paint (Non-RA),Center(C),Less Than 8 ft.,6,5,69,1,1,20230509,DEN,PHX
219,Shot Chart Detail,0042200226,50,203999,Nikola Jokic,1610612743,Denver Nuggets,1,7,34,Made Shot,Driving Layup Shot,2PT Field Goal,In The Paint (Non-RA),Center(C),Less Than 8 ft.,5,32,46,1,1,20230511,PHX,DEN
220,Shot Chart Detail,0042200226,53,203999,Nikola Jokic,1610612743,Denver Nuggets,1,7,1,Made Shot,Driving Floating Jump Shot,2PT Field Goal,In The Paint (Non-RA),Center(C),8-16 ft.,9,33,84,1,1,20230511,PHX,DEN
221,Shot Chart Detail,0042200226,76,203999,Nikola Jokic,1610612743,Denver Nuggets,1,5,23,Missed Shot,Driving Floating Jump Shot,2PT Field Goal,In The Paint (Non-RA),Center(C),8-16 ft.,9,-6,92,1,0,20230511,PHX,DEN
222,Shot Chart Detail,0042200226,78,203999,Nikola Jokic,1610612743,Denver Nuggets,1,5,21,Made Shot,Putback Layup Shot,2PT Field Goal,Restricted Area,Center(C),Less Than 8 ft.,3,13,29,1,1,20230511,PHX,DEN
223,Shot Chart Detail,0042200226,87,203999,Nikola Jokic,1610612743,Denver Nuggets,1,4,14,Missed Shot,Driving Floating Bank Jump Shot,2PT Field Goal,In The Paint (Non-RA),Center(C),Less Than 8 ft.,6,32,57,1,0,20230511,PHX,DEN
224,Shot Chart Detail,0042200226,89,203999,Nikola Jokic,1610612743,Denver Nuggets,1,4,10,Made Shot,Floating Jump shot,2PT Field Goal,In The Paint (Non-RA),Center(C),Less Than 8 ft.,7,5,75,1,1,20230511,PHX,DEN
225,Shot Chart Detail,0042200226,135,203999,Nikola Jokic,1610612743,Denver Nuggets,1,1,39,Made Shot,Driving Layup Shot,2PT Field Goal,Mid-Range,Right Side(R),8-16 ft.,9,92,-4,1,1,20230511,PHX,DEN
226,Shot Chart Detail,0042200226,150,203999,Nikola Jokic,1610612743,Denver Nuggets,1,0,58,Made Shot,Putback Layup Shot,2PT Field Goal,In The Paint (Non-RA),Center(C),Less Than 8 ft.,5,25,45,1,1,20230511,PHX,DEN
227,Shot Chart Detail,0042200226,154,203999,Nikola Jokic,1610612743,Denver Nuggets,1,0,31,Made Shot,Driving Layup Shot,2PT Field Goal,In The Paint (Non-RA),Center(C),Less Than 8 ft.,6,-17,64,1,1,20230511,PHX,DEN
228,Shot Chart Detail,0042200226,256,203999,Nikola Jokic,1610612743,Denver Nuggets,2,5,27,Made Shot,Cutting Layup Shot,2PT Field Goal,Restricted Area,Center(C),Less Than 8 ft.,3,21,30,1,1,20230511,PHX,DEN
229,Shot Chart Detail,0042200226,259,203999,Nikola Jokic,1610612743,Denver Nuggets,2,4,46,Made Shot,Driving Hook Shot,2PT Field Goal,In The Paint (Non-RA),Center(C),Less Than 8 ft.,5,10,59,1,1,20230511,PHX,DEN
230,Shot Chart Detail,0042200226,286,203999,Nikola Jokic,1610612743,Denver Nuggets,2,3,32,Made Shot,Hook Shot,2PT Field Goal,In The Paint (Non-RA),Center(C),Less Than 8 ft.,7,26,69,1,1,20230511,PHX,DEN
231,Shot Chart Detail,0042200226,374,203999,Nikola Jokic,1610612743,Denver Nuggets,3,9,35,Made Shot,Cutting Finger Roll Layup Shot,2PT Field Goal,In The Paint (Non-RA),Center(C),Less Than 8 ft.,5,-36,46,1,1,20230511,PHX,DEN
232,Shot Chart Detail,0042200226,404,203999,Nikola Jokic,1610612743,Denver Nuggets,3,6,39,Made Shot,Floating Jump shot,2PT Field Goal,In The Paint (Non-RA),Center(C),Less Than 8 ft.,7,-10,70,1,1,20230511,PHX,DEN
233,Shot Chart Detail,0042200226,433,203999,Nikola Jokic,1610612743,Denver Nuggets,3,4,9,Missed Shot,Turnaround Jump Shot,2PT Field Goal,In The Paint (Non-RA),Center(C),8-16 ft.,9,37,91,1,0,20230511,PHX,DEN
234,Shot Chart Detail,0042200226,514,203999,Nikola Jokic,1610612743,Denver Nuggets,4,10,28,Missed Shot,Jump Shot,3PT Field Goal,Above the Break 3,Center(C),24+ ft.,27,-4,278,1,0,20230511,PHX,DEN
235,Shot Chart Detail,0042200226,524,203999,Nikola Jokic,1610612743,Denver Nuggets,4,9,10,Made Shot,Floating Jump shot,2PT Field Goal,In The Paint (Non-RA),Center(C),8-16 ft.,9,-12,92,1,1,20230511,PHX,DEN
236,Shot Chart Detail,0042200226,565,203999,Nikola Jokic,1610612743,Denver Nuggets,4,5,15,Missed Shot,Hook Shot,2PT Field Goal,In The Paint (Non-RA),Center(C),Less Than 8 ft.,7,43,59,1,0,20230511,PHX,DEN
237,Shot Chart Detail,0042200311,38,203999,Nikola Jokic,1610612743,Denver Nuggets,1,8,38,Missed Shot,Tip Layup Shot,2PT Field Goal,Restricted Area,Center(C),Less Than 8 ft.,0,0,0,1,0,20230516,DEN,LAL
238,Shot Chart Detail,0042200311,40,203999,Nikola Jokic,1610612743,Denver Nuggets,1,8,37,Made Shot,Tip Layup Shot,2PT Field Goal,Restricted Area,Center(C),Less Than 8 ft.,0,0,0,1,1,20230516,DEN,LAL
239,Shot Chart Detail,0042200311,70,203999,Nikola Jokic,1610612743,Denver Nuggets,1,6,16,Made Shot,Putback Layup Shot,2PT Field Goal,Restricted Area,Center(C),Less Than 8 ft.,0,0,0,1,1,20230516,DEN,LAL
240,Shot Chart Detail,0042200311,76,203999,Nikola Jokic,1610612743,Denver Nuggets,1,5,34,Made Shot,Jump Shot,2PT Field Goal,Mid-Range,Center(C),16-24 ft.,19,-2,196,1,1,20230516,DEN,LAL
241,Shot Chart Detail,0042200311,102,203999,Nikola Jokic,1610612743,Denver Nuggets,1,4,12,Made Shot,Floating Jump shot,2PT Field Goal,In The Paint (Non-RA),Center(C),8-16 ft.,8,-7,83,1,1,20230516,DEN,LAL
242,Shot Chart Detail,0042200311,139,203999,Nikola Jokic,1610612743,Denver Nuggets,1,1,48,Missed Shot,Driving Finger Roll Layup Shot,2PT Field Goal,Restricted Area,Center(C),Less Than 8 ft.,3,-25,25,1,0,20230516,DEN,LAL
243,Shot Chart Detail,0042200311,217,203999,Nikola Jokic,1610612743,Denver Nuggets,2,7,54,Missed Shot,Turnaround Hook Shot,2PT Field Goal,In The Paint (Non-RA),Center(C),Less Than 8 ft.,7,-26,69,1,0,20230516,DEN,LAL
244,Shot Chart Detail,0042200311,228,203999,Nikola Jokic,1610612743,Denver Nuggets,2,7,32,Made Shot,Driving Dunk Shot,2PT Field Goal,Restricted Area,Center(C),Less Than 8 ft.,2,-2,22,1,1,20230516,DEN,LAL
245,Shot Chart Detail,0042200311,254,203999,Nikola Jokic,1610612743,Denver Nuggets,2,5,51,Made Shot,Jump Shot,3PT Field Goal,Above the Break 3,Center(C),24+ ft.,27,42,267,1,1,20230516,DEN,LAL
246,Shot Chart Detail,0042200311,260,203999,Nikola Jokic,1610612743,Denver Nuggets,2,5,1,Made Shot,Driving Dunk Shot,2PT Field Goal,Restricted Area,Center(C),Less Than 8 ft.,2,11,21,1,1,20230516,DEN,LAL
247,Shot Chart Detail,0042200311,359,203999,Nikola Jokic,1610612743,Denver Nuggets,3,9,15,Made Shot,Turnaround Jump Shot,2PT Field Goal,In The Paint (Non-RA),Center(C),Less Than 8 ft.,4,13,47,1,1,20230516,DEN,LAL
248,Shot Chart Detail,0042200311,362,203999,Nikola Jokic,1610612743,Denver Nuggets,3,8,44,Made Shot,Driving Floating Bank Jump Shot,2PT Field Goal,In The Paint (Non-RA),Center(C),Less Than 8 ft.,5,-56,11,1,1,20230516,DEN,LAL
249,Shot Chart Detail,0042200311,392,203999,Nikola Jokic,1610612743,Denver Nuggets,3,5,24,Made Shot,Jump Shot,3PT Field Goal,Above the Break 3,Left Side Center(LC),24+ ft.,24,-78,231,1,1,20230516,DEN,LAL
250,Shot Chart Detail,0042200311,443,203999,Nikola Jokic,1610612743,Denver Nuggets,3,1,19,Made Shot,Turnaround Fadeaway shot,2PT Field Goal,In The Paint (Non-RA),Center(C),8-16 ft.,10,-17,103,1,1,20230516,DEN,LAL
251,Shot Chart Detail,0042200311,461,203999,Nikola Jokic,1610612743,Denver Nuggets,3,0,0,Made Shot,Step Back Jump shot,3PT Field Goal,Above the Break 3,Right Side Center(RC),24+ ft.,28,157,234,1,1,20230516,DEN,LAL
252,Shot Chart Detail,0042200311,508,203999,Nikola Jokic,1610612743,Denver Nuggets,4,9,3,Missed Shot,Driving Floating Jump Shot,2PT Field Goal,In The Paint (Non-RA),Center(C),Less Than 8 ft.,7,55,56,1,0,20230516,DEN,LAL
253,Shot Chart Detail,0042200311,591,203999,Nikola Jokic,1610612743,Denver Nuggets,4,3,2,Missed Shot,Turnaround Fadeaway shot,2PT Field Goal,In The Paint (Non-RA),Center(C),8-16 ft.,12,49,111,1,0,20230516,DEN,LAL
254,Shot Chart Detail,0042200312,34,203999,Nikola Jokic,1610612743,Denver Nuggets,1,9,46,Missed Shot,Cutting Finger Roll Layup Shot,2PT Field Goal,In The Paint (Non-RA),Center(C),Less Than 8 ft.,4,37,32,1,0,20230518,DEN,LAL
255,Shot Chart Detail,0042200312,53,203999,Nikola Jokic,1610612743,Denver Nuggets,1,8,3,Made Shot,Layup Shot,2PT Field Goal,Restricted Area,Center(C),Less Than 8 ft.,2,-22,1,1,1,20230518,DEN,LAL
256,Shot Chart Detail,0042200312,59,203999,Nikola Jokic,1610612743,Denver Nuggets,1,7,37,Made Shot,Turnaround Hook Shot,2PT Field Goal,In The Paint (Non-RA),Center(C),Less Than 8 ft.,5,33,42,1,1,20230518,DEN,LAL
257,Shot Chart Detail,0042200312,153,203999,Nikola Jokic,1610612743,Denver Nuggets,1,1,5,Made Shot,Layup Shot,2PT Field Goal,Restricted Area,Center(C),Less Than 8 ft.,2,2,22,1,1,20230518,DEN,LAL
258,Shot Chart Detail,0042200312,213,203999,Nikola Jokic,1610612743,Denver Nuggets,2,8,22,Made Shot,Driving Floating Jump Shot,2PT Field Goal,In The Paint (Non-RA),Center(C),8-16 ft.,8,0,81,1,1,20230518,DEN,LAL
259,Shot Chart Detail,0042200312,230,203999,Nikola Jokic,1610612743,Denver Nuggets,2,7,17,Made Shot,Driving Bank Hook Shot,2PT Field Goal,Restricted Area,Center(C),Less Than 8 ft.,3,28,25,1,1,20230518,DEN,LAL
260,Shot Chart Detail,0042200312,249,203999,Nikola Jokic,1610612743,Denver Nuggets,2,5,50,Missed Shot,Turnaround Jump Shot,2PT Field Goal,In The Paint (Non-RA),Center(C),Less Than 8 ft.,7,-15,74,1,0,20230518,DEN,LAL
261,Shot Chart Detail,0042200312,266,203999,Nikola Jokic,1610612743,Denver Nuggets,2,5,29,Made Shot,Driving Hook Shot,2PT Field Goal,In The Paint (Non-RA),Center(C),Less Than 8 ft.,5,-4,59,1,1,20230518,DEN,LAL
262,Shot Chart Detail,0042200312,320,203999,Nikola Jokic,1610612743,Denver Nuggets,2,1,32,Missed Shot,Driving Floating Jump Shot,2PT Field Goal,In The Paint (Non-RA),Center(C),8-16 ft.,9,-12,90,1,0,20230518,DEN,LAL
263,Shot Chart Detail,0042200312,322,203999,Nikola Jokic,1610612743,Denver Nuggets,2,1,28,Missed Shot,Turnaround Jump Shot,2PT Field Goal,In The Paint (Non-RA),Center(C),Less Than 8 ft.,7,28,68,1,0,20230518,DEN,LAL
264,Shot Chart Detail,0042200312,353,203999,Nikola Jokic,1610612743,Denver Nuggets,3,11,23,Made Shot,Turnaround Hook Shot,2PT Field Goal,In The Paint (Non-RA),Center(C),Less Than 8 ft.,7,38,64,1,1,20230518,DEN,LAL
265,Shot Chart Detail,0042200312,356,203999,Nikola Jokic,1610612743,Denver Nuggets,3,10,35,Missed Shot,Jump Shot,3PT Field Goal,Above the Break 3,Left Side Center(LC),24+ ft.,26,-137,227,1,0,20230518,DEN,LAL
266,Shot Chart Detail,0042200312,368,203999,Nikola Jokic,1610612743,Denver Nuggets,3,9,9,Made Shot,Turnaround Jump Shot,2PT Field Goal,In The Paint (Non-RA),Center(C),Less Than 8 ft.,5,7,53,1,1,20230518,DEN,LAL
267,Shot Chart Detail,0042200312,422,203999,Nikola Jokic,1610612743,Denver Nuggets,3,4,27,Missed Shot,Turnaround Hook Shot,2PT Field Goal,Restricted Area,Center(C),Less Than 8 ft.,3,-7,37,1,0,20230518,DEN,LAL
268,Shot Chart Detail,0042200312,463,203999,Nikola Jokic,1610612743,Denver Nuggets,3,1,25,Missed Shot,Pullup Jump shot,2PT Field Goal,In The Paint (Non-RA),Center(C),Less Than 8 ft.,6,58,31,1,0,20230518,DEN,LAL
269,Shot Chart Detail,0042200312,473,203999,Nikola Jokic,1610612743,Denver Nuggets,3,0,36,Missed Shot,Jump Shot,3PT Field Goal,Above the Break 3,Center(C),24+ ft.,24,29,246,1,0,20230518,DEN,LAL
270,Shot Chart Detail,0042200312,484,203999,Nikola Jokic,1610612743,Denver Nuggets,3,0,0,Made Shot,Tip Layup Shot,2PT Field Goal,Restricted Area,Center(C),Less Than 8 ft.,0,0,0,1,1,20230518,DEN,LAL
271,Shot Chart Detail,0042200312,497,203999,Nikola Jokic,1610612743,Denver Nuggets,4,11,45,Missed Shot,Jump Shot,2PT Field Goal,In The Paint (Non-RA),Center(C),8-16 ft.,14,53,130,1,0,20230518,DEN,LAL
272,Shot Chart Detail,0042200312,605,203999,Nikola Jokic,1610612743,Denver Nuggets,4,1,47,Missed Shot,Turnaround Fadeaway shot,3PT Field Goal,Above the Break 3,Right Side Center(RC),24+ ft.,24,121,216,1,0,20230518,DEN,LAL
273,Shot Chart Detail,0042200312,610,203999,Nikola Jokic,1610612743,Denver Nuggets,4,1,20,Missed Shot,Turnaround Hook Shot,2PT Field Goal,In The Paint (Non-RA),Center(C),Less Than 8 ft.,4,-4,42,1,0,20230518,DEN,LAL
274,Shot Chart Detail,0042200312,613,203999,Nikola Jokic,1610612743,Denver Nuggets,4,1,16,Missed Shot,Turnaround Hook Shot,2PT Field Goal,In The Paint (Non-RA),Right Side(R),8-16 ft.,8,49,66,1,0,20230518,DEN,LAL
275,Shot Chart Detail,0042200313,11,203999,Nikola Jokic,1610612743,Denver Nuggets,1,11,15,Missed Shot,Running Pull-Up Jump Shot,2PT Field Goal,In The Paint (Non-RA),Center(C),Less Than 8 ft.,7,-26,68,1,0,20230520,LAL,DEN
276,Shot Chart Detail,0042200313,38,203999,Nikola Jokic,1610612743,Denver Nuggets,1,7,53,Missed Shot,Floating Jump shot,2PT Field Goal,In The Paint (Non-RA),Center(C),8-16 ft.,9,-25,88,1,0,20230520,LAL,DEN
277,Shot Chart Detail,0042200313,101,203999,Nikola Jokic,1610612743,Denver Nuggets,1,3,26,Missed Shot,Jump Shot,3PT Field Goal,Above the Break 3,Center(C),24+ ft.,25,23,249,1,0,20230520,LAL,DEN
278,Shot Chart Detail,0042200313,199,203999,Nikola Jokic,1610612743,Denver Nuggets,2,8,12,Made Shot,Cutting Finger Roll Layup Shot,2PT Field Goal,Restricted Area,Center(C),Less Than 8 ft.,2,-5,28,1,1,20230520,LAL,DEN
279,Shot Chart Detail,0042200313,203,203999,Nikola Jokic,1610612743,Denver Nuggets,2,7,39,Made Shot,Jump Shot,3PT Field Goal,Above the Break 3,Center(C),24+ ft.,25,4,255,1,1,20230520,LAL,DEN
280,Shot Chart Detail,0042200313,206,203999,Nikola Jokic,1610612743,Denver Nuggets,2,7,0,Missed Shot,Turnaround Hook Shot,2PT Field Goal,In The Paint (Non-RA),Center(C),Less Than 8 ft.,7,-61,37,1,0,20230520,LAL,DEN
281,Shot Chart Detail,0042200313,248,203999,Nikola Jokic,1610612743,Denver Nuggets,2,2,45,Missed Shot,Jump Shot,2PT Field Goal,Mid-Range,Left Side Center(LC),16-24 ft.,17,-61,160,1,0,20230520,LAL,DEN
282,Shot Chart Detail,0042200313,270,203999,Nikola Jokic,1610612743,Denver Nuggets,2,0,57,Missed Shot,Turnaround Fadeaway shot,2PT Field Goal,In The Paint (Non-RA),Center(C),8-16 ft.,11,-17,112,1,0,20230520,LAL,DEN
283,Shot Chart Detail,0042200313,305,203999,Nikola Jokic,1610612743,Denver Nuggets,3,11,0,Made Shot,Cutting Dunk Shot,2PT Field Goal,Restricted Area,Center(C),Less Than 8 ft.,1,-6,17,1,1,20230520,LAL,DEN
284,Shot Chart Detail,0042200313,311,203999,Nikola Jokic,1610612743,Denver Nuggets,3,10,21,Missed Shot,Jump Shot,3PT Field Goal,Above the Break 3,Left Side Center(LC),24+ ft.,24,-163,187,1,0,20230520,LAL,DEN
285,Shot Chart Detail,0042200313,334,203999,Nikola Jokic,1610612743,Denver Nuggets,3,8,8,Missed Shot,Floating Jump shot,2PT Field Goal,In The Paint (Non-RA),Center(C),Less Than 8 ft.,6,1,62,1,0,20230520,LAL,DEN
286,Shot Chart Detail,0042200313,340,203999,Nikola Jokic,1610612743,Denver Nuggets,3,7,46,Made Shot,Cutting Layup Shot,2PT Field Goal,Restricted Area,Center(C),Less Than 8 ft.,2,-15,16,1,1,20230520,LAL,DEN
287,Shot Chart Detail,0042200313,458,203999,Nikola Jokic,1610612743,Denver Nuggets,4,11,45,Missed Shot,Jump Shot,3PT Field Goal,Above the Break 3,Right Side Center(RC),24+ ft.,25,81,241,1,0,20230520,LAL,DEN
288,Shot Chart Detail,0042200313,461,203999,Nikola Jokic,1610612743,Denver Nuggets,4,11,21,Missed Shot,Driving Floating Jump Shot,2PT Field Goal,In The Paint (Non-RA),Center(C),8-16 ft.,8,-1,87,1,0,20230520,LAL,DEN
289,Shot Chart Detail,0042200313,475,203999,Nikola Jokic,1610612743,Denver Nuggets,4,10,13,Made Shot,Running Layup Shot,2PT Field Goal,Restricted Area,Center(C),Less Than 8 ft.,3,17,29,1,1,20230520,LAL,DEN
290,Shot Chart Detail,0042200313,478,203999,Nikola Jokic,1610612743,Denver Nuggets,4,9,41,Made Shot,Driving Reverse Layup Shot,2PT Field Goal,Restricted Area,Center(C),Less Than 8 ft.,1,-11,13,1,1,20230520,LAL,DEN
291,Shot Chart Detail,0042200313,506,203999,Nikola Jokic,1610612743,Denver Nuggets,4,8,17,Made Shot,Driving Hook Shot,2PT Field Goal,In The Paint (Non-RA),Right Side(R),8-16 ft.,8,74,31,1,1,20230520,LAL,DEN
292,Shot Chart Detail,0042200313,545,203999,Nikola Jokic,1610612743,Denver Nuggets,4,4,50,Made Shot,Finger Roll Layup Shot,2PT Field Goal,Restricted Area,Center(C),Less Than 8 ft.,2,18,10,1,1,20230520,LAL,DEN
293,Shot Chart Detail,0042200313,566,203999,Nikola Jokic,1610612743,Denver Nuggets,4,3,17,Made Shot,Pullup Jump shot,3PT Field Goal,Above the Break 3,Right Side Center(RC),24+ ft.,24,134,210,1,1,20230520,LAL,DEN
294,Shot Chart Detail,0042200314,66,203999,Nikola Jokic,1610612743,Denver Nuggets,1,6,49,Missed Shot,Turnaround Hook Shot,2PT Field Goal,In The Paint (Non-RA),Left Side(L),8-16 ft.,9,-49,80,1,0,20230522,LAL,DEN
295,Shot Chart Detail,0042200314,75,203999,Nikola Jokic,1610612743,Denver Nuggets,1,6,1,Made Shot,Cutting Layup Shot,2PT Field Goal,Restricted Area,Center(C),Less Than 8 ft.,2,7,26,1,1,20230522,LAL,DEN
296,Shot Chart Detail,0042200314,201,203999,Nikola Jokic,1610612743,Denver Nuggets,2,8,43,Made Shot,Fadeaway Jump Shot,3PT Field Goal,Above the Break 3,Left Side Center(LC),24+ ft.,25,-108,232,1,1,20230522,LAL,DEN
297,Shot Chart Detail,0042200314,210,203999,Nikola Jokic,1610612743,Denver Nuggets,2,8,2,Made Shot,Turnaround Hook Shot,2PT Field Goal,In The Paint (Non-RA),Center(C),Less Than 8 ft.,5,21,49,1,1,20230522,LAL,DEN
298,Shot Chart Detail,0042200314,220,203999,Nikola Jokic,1610612743,Denver Nuggets,2,7,27,Missed Shot,Jump Shot,3PT Field Goal,Above the Break 3,Right Side Center(RC),24+ ft.,26,142,223,1,0,20230522,LAL,DEN
299,Shot Chart Detail,0042200314,251,203999,Nikola Jokic,1610612743,Denver Nuggets,2,5,1,Made Shot,Jump Shot,3PT Field Goal,Above the Break 3,Right Side Center(RC),24+ ft.,26,118,239,1,1,20230522,LAL,DEN
300,Shot Chart Detail,0042200314,255,203999,Nikola Jokic,1610612743,Denver Nuggets,2,4,26,Missed Shot,Driving Floating Jump Shot,2PT Field Goal,In The Paint (Non-RA),Center(C),Less Than 8 ft.,5,42,42,1,0,20230522,LAL,DEN
301,Shot Chart Detail,0042200314,293,203999,Nikola Jokic,1610612743,Denver Nuggets,2,0,40,Missed Shot,Fadeaway Jump Shot,2PT Field Goal,In The Paint (Non-RA),Right Side(R),8-16 ft.,10,61,90,1,0,20230522,LAL,DEN
302,Shot Chart Detail,0042200314,320,203999,Nikola Jokic,1610612743,Denver Nuggets,3,11,43,Made Shot,Turnaround Fadeaway shot,2PT Field Goal,In The Paint (Non-RA),Center(C),8-16 ft.,11,55,100,1,1,20230522,LAL,DEN
303,Shot Chart Detail,0042200314,349,203999,Nikola Jokic,1610612743,Denver Nuggets,3,9,14,Made Shot,Layup Shot,2PT Field Goal,Restricted Area,Center(C),Less Than 8 ft.,1,-9,9,1,1,20230522,LAL,DEN
304,Shot Chart Detail,0042200314,354,203999,Nikola Jokic,1610612743,Denver Nuggets,3,8,42,Missed Shot,Driving Floating Jump Shot,2PT Field Goal,In The Paint (Non-RA),Center(C),Less Than 8 ft.,4,-1,43,1,0,20230522,LAL,DEN
305,Shot Chart Detail,0042200314,373,203999,Nikola Jokic,1610612743,Denver Nuggets,3,7,37,Made Shot,Putback Layup Shot,2PT Field Goal,In The Paint (Non-RA),Center(C),Less Than 8 ft.,4,10,42,1,1,20230522,LAL,DEN
306,Shot Chart Detail,0042200314,402,203999,Nikola Jokic,1610612743,Denver Nuggets,3,4,45,Missed Shot,Tip Layup Shot,2PT Field Goal,Restricted Area,Center(C),Less Than 8 ft.,3,15,26,1,0,20230522,LAL,DEN
307,Shot Chart Detail,0042200314,416,203999,Nikola Jokic,1610612743,Denver Nuggets,3,3,50,Missed Shot,Jump Shot,2PT Field Goal,Mid-Range,Right Side Center(RC),16-24 ft.,19,87,179,1,0,20230522,LAL,DEN
308,Shot Chart Detail,0042200314,427,203999,Nikola Jokic,1610612743,Denver Nuggets,3,2,28,Made Shot,Driving Hook Shot,2PT Field Goal,In The Paint (Non-RA),Center(C),Less Than 8 ft.,5,39,37,1,1,20230522,LAL,DEN
309,Shot Chart Detail,0042200314,459,203999,Nikola Jokic,1610612743,Denver Nuggets,3,0,2,Missed Shot,Floating Jump shot,2PT Field Goal,In The Paint (Non-RA),Center(C),8-16 ft.,15,-64,137,1,0,20230522,LAL,DEN
310,Shot Chart Detail,0042200314,475,203999,Nikola Jokic,1610612743,Denver Nuggets,4,11,23,Missed Shot,Turnaround Fadeaway shot,2PT Field Goal,Mid-Range,Left Side(L),8-16 ft.,15,-118,108,1,0,20230522,LAL,DEN
311,Shot Chart Detail,0042200314,479,203999,Nikola Jokic,1610612743,Denver Nuggets,4,11,11,Missed Shot,Step Back Jump shot,2PT Field Goal,Mid-Range,Center(C),16-24 ft.,19,-10,194,1,0,20230522,LAL,DEN
312,Shot Chart Detail,0042200314,490,203999,Nikola Jokic,1610612743,Denver Nuggets,4,10,14,Missed Shot,Jump Shot,3PT Field Goal,Above the Break 3,Center(C),24+ ft.,28,-1,281,1,0,20230522,LAL,DEN
313,Shot Chart Detail,0042200314,517,203999,Nikola Jokic,1610612743,Denver Nuggets,4,7,52,Missed Shot,Driving Floating Jump Shot,2PT Field Goal,In The Paint (Non-RA),Center(C),Less Than 8 ft.,7,20,69,1,0,20230522,LAL,DEN
314,Shot Chart Detail,0042200314,528,203999,Nikola Jokic,1610612743,Denver Nuggets,4,7,5,Made Shot,Turnaround Jump Shot,2PT Field Goal,In The Paint (Non-RA),Center(C),8-16 ft.,14,-59,127,1,1,20230522,LAL,DEN
315,Shot Chart Detail,0042200314,572,203999,Nikola Jokic,1610612743,Denver Nuggets,4,2,50,Made Shot,Fadeaway Jump Shot,3PT Field Goal,Above the Break 3,Left Side Center(LC),24+ ft.,25,-96,234,1,1,20230522,LAL,DEN
316,Shot Chart Detail,0042200314,585,203999,Nikola Jokic,1610612743,Denver Nuggets,4,1,22,Missed Shot,Turnaround Jump Shot,3PT Field Goal,Above the Break 3,Left Side Center(LC),24+ ft.,27,-168,220,1,0,20230522,LAL,DEN
317,Shot Chart Detail,0042200314,595,203999,Nikola Jokic,1610612743,Denver Nuggets,4,0,51,Made Shot,Driving Layup Shot,2PT Field Goal,Restricted Area,Center(C),Less Than 8 ft.,3,1,37,1,1,20230522,LAL,DEN
318,Shot Chart Detail,0042200401,133,203999,Nikola Jokic,1610612743,Denver Nuggets,1,0,3,Made Shot,Layup Shot,2PT Field Goal,Restricted Area,Center(C),Less Than 8 ft.,1,16,4,1,1,20230601,DEN,MIA
319,Shot Chart Detail,0042200401,238,203999,Nikola Jokic,1610612743,Denver Nuggets,2,3,21,Made Shot,Driving Finger Roll Layup Shot,2PT Field Goal,Restricted Area,Center(C),Less Than 8 ft.,2,22,10,1,1,20230601,DEN,MIA
320,Shot Chart Detail,0042200401,269,203999,Nikola Jokic,1610612743,Denver Nuggets,2,0,4,Made Shot,Turnaround Hook Shot,2PT Field Goal,In The Paint (Non-RA),Center(C),Less Than 8 ft.,4,-18,44,1,1,20230601,DEN,MIA
321,Shot Chart Detail,0042200401,279,203999,Nikola Jokic,1610612743,Denver Nuggets,3,11,30,Missed Shot,Jump Shot,3PT Field Goal,Above the Break 3,Center(C),24+ ft.,25,66,247,1,0,20230601,DEN,MIA
322,Shot Chart Detail,0042200401,347,203999,Nikola Jokic,1610612743,Denver Nuggets,3,6,25,Made Shot,Jump Shot,3PT Field Goal,Above the Break 3,Left Side Center(LC),24+ ft.,25,-123,219,1,1,20230601,DEN,MIA
323,Shot Chart Detail,0042200401,446,203999,Nikola Jokic,1610612743,Denver Nuggets,4,11,33,Missed Shot,Turnaround Jump Shot,2PT Field Goal,In The Paint (Non-RA),Center(C),Less Than 8 ft.,6,7,61,1,0,20230601,DEN,MIA
324,Shot Chart Detail,0042200401,461,203999,Nikola Jokic,1610612743,Denver Nuggets,4,9,40,Missed Shot,Pullup Jump shot,2PT Field Goal,Mid-Range,Left Side Center(LC),16-24 ft.,18,-56,172,1,0,20230601,DEN,MIA
325,Shot Chart Detail,0042200401,485,203999,Nikola Jokic,1610612743,Denver Nuggets,4,7,16,Made Shot,Layup Shot,2PT Field Goal,Restricted Area,Center(C),Less Than 8 ft.,3,31,1,1,1,20230601,DEN,MIA
326,Shot Chart Detail,0042200401,521,203999,Nikola Jokic,1610612743,Denver Nuggets,4,3,56,Made Shot,Floating Jump shot,2PT Field Goal,In The Paint (Non-RA),Center(C),8-16 ft.,8,22,77,1,1,20230601,DEN,MIA
327,Shot Chart Detail,0042200401,525,203999,Nikola Jokic,1610612743,Denver Nuggets,4,3,27,Made Shot,Turnaround Fadeaway shot,2PT Field Goal,In The Paint (Non-RA),Center(C),8-16 ft.,8,-7,80,1,1,20230601,DEN,MIA
328,Shot Chart Detail,0042200401,549,203999,Nikola Jokic,1610612743,Denver Nuggets,4,1,2,Made Shot,Turnaround Fadeaway shot,2PT Field Goal,Mid-Range,Left Side(L),8-16 ft.,11,-116,21,1,1,20230601,DEN,MIA
329,Shot Chart Detail,0042200401,552,203999,Nikola Jokic,1610612743,Denver Nuggets,4,0,32,Missed Shot,Turnaround Hook Shot,2PT Field Goal,In The Paint (Non-RA),Center(C),Less Than 8 ft.,4,-31,35,1,0,20230601,DEN,MIA
330,Shot Chart Detail,0042200402,9,203999,Nikola Jokic,1610612743,Denver Nuggets,1,11,34,Missed Shot,Driving Finger Roll Layup Shot,2PT Field Goal,Restricted Area,Center(C),Less Than 8 ft.,3,-26,29,1,0,20230604,DEN,MIA
331,Shot Chart Detail,0042200402,14,203999,Nikola Jokic,1610612743,Denver Nuggets,1,11,1,Missed Shot,Jump Shot,3PT Field Goal,Above the Break 3,Center(C),24+ ft.,26,66,254,1,0,20230604,DEN,MIA
332,Shot Chart Detail,0042200402,25,203999,Nikola Jokic,1610612743,Denver Nuggets,1,9,29,Made Shot,Driving Layup Shot,2PT Field Goal,Restricted Area,Center(C),Less Than 8 ft.,3,33,13,1,1,20230604,DEN,MIA
333,Shot Chart Detail,0042200402,65,203999,Nikola Jokic,1610612743,Denver Nuggets,1,5,49,Made Shot,Jump Shot,3PT Field Goal,Above the Break 3,Center(C),24+ ft.,26,-40,267,1,1,20230604,DEN,MIA
334,Shot Chart Detail,0042200402,76,203999,Nikola Jokic,1610612743,Denver Nuggets,1,4,44,Missed Shot,Driving Floating Jump Shot,2PT Field Goal,In The Paint (Non-RA),Center(C),8-16 ft.,11,-21,109,1,0,20230604,DEN,MIA
335,Shot Chart Detail,0042200402,83,203999,Nikola Jokic,1610612743,Denver Nuggets,1,4,33,Made Shot,Driving Floating Jump Shot,2PT Field Goal,In The Paint (Non-RA),Center(C),Less Than 8 ft.,5,17,50,1,1,20230604,DEN,MIA
336,Shot Chart Detail,0042200402,114,203999,Nikola Jokic,1610612743,Denver Nuggets,1,2,29,Made Shot,Jump Shot,2PT Field Goal,Mid-Range,Center(C),16-24 ft.,17,-11,179,1,1,20230604,DEN,MIA
337,Shot Chart Detail,0042200402,125,203999,Nikola Jokic,1610612743,Denver Nuggets,1,1,36,Made Shot,Driving Finger Roll Layup Shot,2PT Field Goal,In The Paint (Non-RA),Center(C),Less Than 8 ft.,5,-4,57,1,1,20230604,DEN,MIA
338,Shot Chart Detail,0042200402,129,203999,Nikola Jokic,1610612743,Denver Nuggets,1,0,52,Missed Shot,Turnaround Bank Hook Shot,2PT Field Goal,Restricted Area,Center(C),Less Than 8 ft.,3,27,23,1,0,20230604,DEN,MIA
339,Shot Chart Detail,0042200402,255,203999,Nikola Jokic,1610612743,Denver Nuggets,2,4,10,Missed Shot,Cutting Layup Shot,2PT Field Goal,In The Paint (Non-RA),Center(C),Less Than 8 ft.,4,-1,41,1,0,20230604,DEN,MIA
340,Shot Chart Detail,0042200402,265,203999,Nikola Jokic,1610612743,Denver Nuggets,2,3,28,Missed Shot,Driving Floating Jump Shot,2PT Field Goal,In The Paint (Non-RA),Left Side(L),8-16 ft.,8,-51,70,1,0,20230604,DEN,MIA
341,Shot Chart Detail,0042200402,268,203999,Nikola Jokic,1610612743,Denver Nuggets,2,3,25,Made Shot,Hook Shot,2PT Field Goal,Restricted Area,Center(C),Less Than 8 ft.,3,-5,38,1,1,20230604,DEN,MIA
342,Shot Chart Detail,0042200402,307,203999,Nikola Jokic,1610612743,Denver Nuggets,2,0,0,Missed Shot,Pullup Jump shot,3PT Field Goal,Backcourt,Back Court(BC),Back Court Shot,67,-16,671,1,0,20230604,DEN,MIA
343,Shot Chart Detail,0042200402,323,203999,Nikola Jokic,1610612743,Denver Nuggets,3,10,27,Made Shot,Turnaround Hook Shot,2PT Field Goal,In The Paint (Non-RA),Center(C),Less Than 8 ft.,7,44,56,1,1,20230604,DEN,MIA
344,Shot Chart Detail,0042200402,326,203999,Nikola Jokic,1610612743,Denver Nuggets,3,9,48,Made Shot,Jump Shot,3PT Field Goal,Above the Break 3,Center(C),24+ ft.,24,9,245,1,1,20230604,DEN,MIA
345,Shot Chart Detail,0042200402,331,203999,Nikola Jokic,1610612743,Denver Nuggets,3,9,12,Missed Shot,Jump Shot,3PT Field Goal,Above the Break 3,Center(C),24+ ft.,25,4,257,1,0,20230604,DEN,MIA
346,Shot Chart Detail,0042200402,394,203999,Nikola Jokic,1610612743,Denver Nuggets,3,4,31,Made Shot,Driving Floating Jump Shot,2PT Field Goal,In The Paint (Non-RA),Center(C),Less Than 8 ft.,5,7,50,1,1,20230604,DEN,MIA
347,Shot Chart Detail,0042200402,403,203999,Nikola Jokic,1610612743,Denver Nuggets,3,3,17,Missed Shot,Finger Roll Layup Shot,2PT Field Goal,In The Paint (Non-RA),Center(C),Less Than 8 ft.,4,47,13,1,0,20230604,DEN,MIA
348,Shot Chart Detail,0042200402,454,203999,Nikola Jokic,1610612743,Denver Nuggets,3,3,14,Missed Shot,Tip Layup Shot,2PT Field Goal,Restricted Area,Center(C),Less Than 8 ft.,3,-4,32,1,0,20230604,DEN,MIA
349,Shot Chart Detail,0042200402,423,203999,Nikola Jokic,1610612743,Denver Nuggets,3,2,29,Made Shot,Turnaround Hook Shot,2PT Field Goal,In The Paint (Non-RA),Right Side(R),8-16 ft.,8,76,25,1,1,20230604,DEN,MIA
350,Shot Chart Detail,0042200402,432,203999,Nikola Jokic,1610612743,Denver Nuggets,3,1,27,Made Shot,Turnaround Jump Shot,2PT Field Goal,In The Paint (Non-RA),Center(C),Less Than 8 ft.,7,54,57,1,1,20230604,DEN,MIA
351,Shot Chart Detail,0042200402,439,203999,Nikola Jokic,1610612743,Denver Nuggets,3,1,0,Made Shot,Running Layup Shot,2PT Field Goal,Restricted Area,Center(C),Less Than 8 ft.,3,29,9,1,1,20230604,DEN,MIA
352,Shot Chart Detail,0042200402,451,203999,Nikola Jokic,1610612743,Denver Nuggets,3,0,1,Missed Shot,Driving Floating Jump Shot,2PT Field Goal,In The Paint (Non-RA),Center(C),Less Than 8 ft.,5,58,13,1,0,20230604,DEN,MIA
353,Shot Chart Detail,0042200402,535,203999,Nikola Jokic,1610612743,Denver Nuggets,4,7,23,Made Shot,Floating Jump shot,2PT Field Goal,In The Paint (Non-RA),Center(C),Less Than 8 ft.,5,10,55,1,1,20230604,DEN,MIA
354,Shot Chart Detail,0042200402,546,203999,Nikola Jokic,1610612743,Denver Nuggets,4,5,48,Made Shot,Turnaround Hook Shot,2PT Field Goal,Restricted Area,Center(C),Less Than 8 ft.,3,1,35,1,1,20230604,DEN,MIA
355,Shot Chart Detail,0042200402,565,203999,Nikola Jokic,1610612743,Denver Nuggets,4,4,3,Made Shot,Cutting Finger Roll Layup Shot,2PT Field Goal,Restricted Area,Center(C),Less Than 8 ft.,3,1,35,1,1,20230604,DEN,MIA
356,Shot Chart Detail,0042200402,579,203999,Nikola Jokic,1610612743,Denver Nuggets,4,1,53,Missed Shot,Jump Bank Shot,2PT Field Goal,In The Paint (Non-RA),Center(C),Less Than 8 ft.,6,-18,63,1,0,20230604,DEN,MIA
357,Shot Chart Detail,0042200402,598,203999,Nikola Jokic,1610612743,Denver Nuggets,4,0,35,Made Shot,Turnaround Jump Shot,2PT Field Goal,In The Paint (Non-RA),Center(C),Less Than 8 ft.,6,17,58,1,1,20230604,DEN,MIA
358,Shot Chart Detail,0042200403,15,203999,Nikola Jokic,1610612743,Denver Nuggets,1,11,0,Missed Shot,Fadeaway Jump Shot,2PT Field Goal,Mid-Range,Left Side(L),8-16 ft.,11,-94,71,1,0,20230607,MIA,DEN
359,Shot Chart Detail,0042200403,30,203999,Nikola Jokic,1610612743,Denver Nuggets,1,9,7,Made Shot,Turnaround Hook Shot,2PT Field Goal,In The Paint (Non-RA),Center(C),Less Than 8 ft.,4,0,43,1,1,20230607,MIA,DEN
360,Shot Chart Detail,0042200403,67,203999,Nikola Jokic,1610612743,Denver Nuggets,1,5,57,Missed Shot,Jump Shot,3PT Field Goal,Above the Break 3,Center(C),24+ ft.,26,47,265,1,0,20230607,MIA,DEN
361,Shot Chart Detail,0042200403,71,203999,Nikola Jokic,1610612743,Denver Nuggets,1,5,32,Made Shot,Jump Shot,2PT Field Goal,Mid-Range,Center(C),16-24 ft.,17,15,174,1,1,20230607,MIA,DEN
362,Shot Chart Detail,0042200403,77,203999,Nikola Jokic,1610612743,Denver Nuggets,1,5,8,Made Shot,Floating Jump shot,2PT Field Goal,In The Paint (Non-RA),Center(C),Less Than 8 ft.,6,2,63,1,1,20230607,MIA,DEN
363,Shot Chart Detail,0042200403,88,203999,Nikola Jokic,1610612743,Denver Nuggets,1,4,12,Made Shot,Turnaround Hook Shot,2PT Field Goal,In The Paint (Non-RA),Center(C),Less Than 8 ft.,5,45,23,1,1,20230607,MIA,DEN
364,Shot Chart Detail,0042200403,120,203999,Nikola Jokic,1610612743,Denver Nuggets,1,1,59,Made Shot,Jump Shot,2PT Field Goal,In The Paint (Non-RA),Center(C),8-16 ft.,8,-1,83,1,1,20230607,MIA,DEN
365,Shot Chart Detail,0042200403,133,203999,Nikola Jokic,1610612743,Denver Nuggets,1,0,51,Missed Shot,Turnaround Hook Shot,2PT Field Goal,In The Paint (Non-RA),Center(C),Less Than 8 ft.,5,42,37,1,0,20230607,MIA,DEN
366,Shot Chart Detail,0042200403,246,203999,Nikola Jokic,1610612743,Denver Nuggets,2,4,54,Missed Shot,Turnaround Jump Shot,2PT Field Goal,In The Paint (Non-RA),Center(C),Less Than 8 ft.,4,2,42,1,0,20230607,MIA,DEN
367,Shot Chart Detail,0042200403,298,203999,Nikola Jokic,1610612743,Denver Nuggets,2,0,49,Missed Shot,Floating Jump shot,2PT Field Goal,Restricted Area,Center(C),Less Than 8 ft.,3,25,21,1,0,20230607,MIA,DEN
368,Shot Chart Detail,0042200403,326,203999,Nikola Jokic,1610612743,Denver Nuggets,3,11,49,Made Shot,Jump Shot,2PT Field Goal,Mid-Range,Center(C),8-16 ft.,15,2,159,1,1,20230607,MIA,DEN
369,Shot Chart Detail,0042200403,357,203999,Nikola Jokic,1610612743,Denver Nuggets,3,8,56,Made Shot,Driving Finger Roll Layup Shot,2PT Field Goal,Restricted Area,Center(C),Less Than 8 ft.,3,34,20,1,1,20230607,MIA,DEN
370,Shot Chart Detail,0042200403,361,203999,Nikola Jokic,1610612743,Denver Nuggets,3,8,12,Made Shot,Turnaround Fadeaway shot,2PT Field Goal,Mid-Range,Center(C),16-24 ft.,16,38,164,1,1,20230607,MIA,DEN
371,Shot Chart Detail,0042200403,369,203999,Nikola Jokic,1610612743,Denver Nuggets,3,6,54,Made Shot,Driving Floating Jump Shot,2PT Field Goal,Restricted Area,Center(C),Less Than 8 ft.,3,31,11,1,1,20230607,MIA,DEN
372,Shot Chart Detail,0042200403,398,203999,Nikola Jokic,1610612743,Denver Nuggets,3,4,18,Made Shot,Jump Shot,3PT Field Goal,Above the Break 3,Left Side Center(LC),24+ ft.,26,-151,215,1,1,20230607,MIA,DEN
373,Shot Chart Detail,0042200403,444,203999,Nikola Jokic,1610612743,Denver Nuggets,3,1,31,Missed Shot,Floating Jump shot,2PT Field Goal,In The Paint (Non-RA),Center(C),Less Than 8 ft.,6,59,35,1,0,20230607,MIA,DEN
374,Shot Chart Detail,0042200403,484,203999,Nikola Jokic,1610612743,Denver Nuggets,4,10,45,Missed Shot,Driving Floating Jump Shot,2PT Field Goal,In The Paint (Non-RA),Center(C),8-16 ft.,11,-11,117,1,0,20230607,MIA,DEN
375,Shot Chart Detail,0042200403,493,203999,Nikola Jokic,1610612743,Denver Nuggets,4,10,6,Made Shot,Jump Shot,2PT Field Goal,In The Paint (Non-RA),Left Side(L),8-16 ft.,10,-60,85,1,1,20230607,MIA,DEN
376,Shot Chart Detail,0042200403,554,203999,Nikola Jokic,1610612743,Denver Nuggets,4,4,12,Missed Shot,Turnaround Hook Shot,2PT Field Goal,In The Paint (Non-RA),Center(C),8-16 ft.,11,-1,119,1,0,20230607,MIA,DEN
377,Shot Chart Detail,0042200403,558,203999,Nikola Jokic,1610612743,Denver Nuggets,4,3,34,Made Shot,Turnaround Fadeaway shot,2PT Field Goal,In The Paint (Non-RA),Center(C),Less Than 8 ft.,6,37,53,1,1,20230607,MIA,DEN
378,Shot Chart Detail,0042200403,579,203999,Nikola Jokic,1610612743,Denver Nuggets,4,2,3,Missed Shot,Turnaround Fadeaway shot,2PT Field Goal,In The Paint (Non-RA),Center(C),8-16 ft.,10,40,99,1,0,20230607,MIA,DEN
379,Shot Chart Detail,0042200404,16,203999,Nikola Jokic,1610612743,Denver Nuggets,1,10,20,Made Shot,Turnaround Hook Shot,2PT Field Goal,In The Paint (Non-RA),Center(C),Less Than 8 ft.,7,72,22,1,1,20230609,MIA,DEN
380,Shot Chart Detail,0042200404,37,203999,Nikola Jokic,1610612743,Denver Nuggets,1,8,4,Missed Shot,Driving Floating Jump Shot,2PT Field Goal,In The Paint (Non-RA),Center(C),Less Than 8 ft.,7,-38,60,1,0,20230609,MIA,DEN
381,Shot Chart Detail,0042200404,41,203999,Nikola Jokic,1610612743,Denver Nuggets,1,7,27,Missed Shot,Jump Shot,2PT Field Goal,In The Paint (Non-RA),Center(C),8-16 ft.,13,0,133,1,0,20230609,MIA,DEN
382,Shot Chart Detail,0042200404,53,203999,Nikola Jokic,1610612743,Denver Nuggets,1,6,7,Missed Shot,Driving Finger Roll Layup Shot,2PT Field Goal,In The Paint (Non-RA),Center(C),Less Than 8 ft.,4,16,44,1,0,20230609,MIA,DEN
383,Shot Chart Detail,0042200404,90,203999,Nikola Jokic,1610612743,Denver Nuggets,1,2,57,Made Shot,Turnaround Jump Shot,2PT Field Goal,In The Paint (Non-RA),Center(C),Less Than 8 ft.,7,69,15,1,1,20230609,MIA,DEN
384,Shot Chart Detail,0042200404,181,203999,Nikola Jokic,1610612743,Denver Nuggets,2,7,31,Made Shot,Jump Shot,3PT Field Goal,Above the Break 3,Right Side Center(RC),24+ ft.,26,119,236,1,1,20230609,MIA,DEN
385,Shot Chart Detail,0042200404,218,203999,Nikola Jokic,1610612743,Denver Nuggets,2,4,59,Missed Shot,Jump Shot,3PT Field Goal,Above the Break 3,Right Side Center(RC),24+ ft.,25,83,244,1,0,20230609,MIA,DEN
386,Shot Chart Detail,0042200404,230,203999,Nikola Jokic,1610612743,Denver Nuggets,2,4,38,Made Shot,Jump Shot,3PT Field Goal,Above the Break 3,Center(C),24+ ft.,26,-15,260,1,1,20230609,MIA,DEN
387,Shot Chart Detail,0042200404,234,203999,Nikola Jokic,1610612743,Denver Nuggets,2,4,9,Missed Shot,Driving Finger Roll Layup Shot,2PT Field Goal,Restricted Area,Center(C),Less Than 8 ft.,1,6,11,1,0,20230609,MIA,DEN
388,Shot Chart Detail,0042200404,236,203999,Nikola Jokic,1610612743,Denver Nuggets,2,4,8,Made Shot,Tip Layup Shot,2PT Field Goal,Restricted Area,Center(C),Less Than 8 ft.,0,0,0,1,1,20230609,MIA,DEN
389,Shot Chart Detail,0042200404,239,203999,Nikola Jokic,1610612743,Denver Nuggets,2,3,40,Missed Shot,Jump Shot,3PT Field Goal,Above the Break 3,Center(C),24+ ft.,26,23,260,1,0,20230609,MIA,DEN
390,Shot Chart Detail,0042200404,324,203999,Nikola Jokic,1610612743,Denver Nuggets,3,11,37,Missed Shot,Turnaround Hook Shot,2PT Field Goal,Mid-Range,Right Side(R),8-16 ft.,10,103,21,1,0,20230609,MIA,DEN
391,Shot Chart Detail,0042200404,352,203999,Nikola Jokic,1610612743,Denver Nuggets,3,9,4,Missed Shot,Jump Shot,3PT Field Goal,Above the Break 3,Center(C),24+ ft.,26,5,261,1,0,20230609,MIA,DEN
392,Shot Chart Detail,0042200404,357,203999,Nikola Jokic,1610612743,Denver Nuggets,3,8,23,Made Shot,Driving Hook Shot,2PT Field Goal,Restricted Area,Center(C),Less Than 8 ft.,2,-6,24,1,1,20230609,MIA,DEN
393,Shot Chart Detail,0042200404,371,203999,Nikola Jokic,1610612743,Denver Nuggets,3,6,57,Made Shot,Jump Shot,2PT Field Goal,In The Paint (Non-RA),Center(C),8-16 ft.,12,40,119,1,1,20230609,MIA,DEN
394,Shot Chart Detail,0042200404,375,203999,Nikola Jokic,1610612743,Denver Nuggets,3,6,29,Made Shot,Jump Shot,3PT Field Goal,Above the Break 3,Center(C),24+ ft.,27,27,276,1,1,20230609,MIA,DEN
395,Shot Chart Detail,0042200404,432,203999,Nikola Jokic,1610612743,Denver Nuggets,3,2,46,Missed Shot,Turnaround Hook Shot,2PT Field Goal,In The Paint (Non-RA),Center(C),Less Than 8 ft.,5,-22,55,1,0,20230609,MIA,DEN
396,Shot Chart Detail,0042200404,475,203999,Nikola Jokic,1610612743,Denver Nuggets,4,11,8,Missed Shot,Jump Shot,3PT Field Goal,Above the Break 3,Right Side Center(RC),24+ ft.,28,126,261,1,0,20230609,MIA,DEN
397,Shot Chart Detail,0042200404,600,203999,Nikola Jokic,1610612743,Denver Nuggets,4,0,51,Missed Shot,Turnaround Hook Shot,2PT Field Goal,In The Paint (Non-RA),Center(C),Less Than 8 ft.,6,56,37,1,0,20230609,MIA,DEN
398,Shot Chart Detail,0042200405,83,203999,Nikola Jokic,1610612743,Denver Nuggets,1,5,28,Made Shot,Jump Shot,3PT Field Goal,Above the Break 3,Right Side Center(RC),24+ ft.,25,86,243,1,1,20230612,DEN,MIA
399,Shot Chart Detail,0042200405,237,203999,Nikola Jokic,1610612743,Denver Nuggets,2,8,4,Made Shot,Floating Jump shot,2PT Field Goal,In The Paint (Non-RA),Center(C),Less Than 8 ft.,5,-5,50,1,1,20230612,DEN,MIA
400,Shot Chart Detail,0042200405,258,203999,Nikola Jokic,1610612743,Denver Nuggets,2,6,56,Made Shot,Layup Shot,2PT Field Goal,Restricted Area,Center(C),Less Than 8 ft.,2,-16,22,1,1,20230612,DEN,MIA
401,Shot Chart Detail,0042200405,274,203999,Nikola Jokic,1610612743,Denver Nuggets,2,5,0,Made Shot,Floating Jump shot,2PT Field Goal,In The Paint (Non-RA),Center(C),Less Than 8 ft.,7,-43,62,1,1,20230612,DEN,MIA
402,Shot Chart Detail,0042200405,295,203999,Nikola Jokic,1610612743,Denver Nuggets,2,2,44,Missed Shot,Jump Shot,3PT Field Goal,Above the Break 3,Center(C),24+ ft.,26,-11,260,1,0,20230612,DEN,MIA
403,Shot Chart Detail,0042200405,339,203999,Nikola Jokic,1610612743,Denver Nuggets,2,0,0,Missed Shot,Pullup Jump shot,3PT Field Goal,Backcourt,Back Court(BC),Back Court Shot,66,-17,666,1,0,20230612,DEN,MIA
404,Shot Chart Detail,0042200405,351,203999,Nikola Jokic,1610612743,Denver Nuggets,3,11,28,Made Shot,Turnaround Jump Shot,2PT Field Goal,In The Paint (Non-RA),Center(C),Less Than 8 ft.,4,-10,40,1,1,20230612,DEN,MIA
405,Shot Chart Detail,0042200405,384,203999,Nikola Jokic,1610612743,Denver Nuggets,3,8,14,Made Shot,Turnaround Bank Hook Shot,2PT Field Goal,Restricted Area,Center(C),Less Than 8 ft.,3,37,13,1,1,20230612,DEN,MIA
406,Shot Chart Detail,0042200405,393,203999,Nikola Jokic,1610612743,Denver Nuggets,3,7,32,Made Shot,Tip Layup Shot,2PT Field Goal,Restricted Area,Center(C),Less Than 8 ft.,0,0,0,1,1,20230612,DEN,MIA
407,Shot Chart Detail,0042200405,441,203999,Nikola Jokic,1610612743,Denver Nuggets,3,3,38,Missed Shot,Floating Jump shot,2PT Field Goal,In The Paint (Non-RA),Center(C),Less Than 8 ft.,4,-16,46,1,0,20230612,DEN,MIA
408,Shot Chart Detail,0042200405,501,203999,Nikola Jokic,1610612743,Denver Nuggets,4,11,39,Made Shot,Hook Shot,2PT Field Goal,Restricted Area,Center(C),Less Than 8 ft.,3,-6,30,1,1,20230612,DEN,MIA
409,Shot Chart Detail,0042200405,524,203999,Nikola Jokic,1610612743,Denver Nuggets,4,10,3,Made Shot,Floating Jump shot,2PT Field Goal,Restricted Area,Center(C),Less Than 8 ft.,3,6,35,1,1,20230612,DEN,MIA
410,Shot Chart Detail,0042200405,528,203999,Nikola Jokic,1610612743,Denver Nuggets,4,9,18,Made Shot,Turnaround Fadeaway shot,2PT Field Goal,In The Paint (Non-RA),Center(C),8-16 ft.,9,43,85,1,1,20230612,DEN,MIA
411,Shot Chart Detail,0042200405,586,203999,Nikola Jokic,1610612743,Denver Nuggets,4,4,43,Made Shot,Pullup Jump shot,2PT Field Goal,In The Paint (Non-RA),Center(C),Less Than 8 ft.,6,-36,50,1,1,20230612,DEN,MIA
412,Shot Chart Detail,0042200405,605,203999,Nikola Jokic,1610612743,Denver Nuggets,4,2,24,Made Shot,Driving Finger Roll Layup Shot,2PT Field Goal,Restricted Area,Center(C),Less Than 8 ft.,3,34,16,1,1,20230612,DEN,MIA
413,Shot Chart Detail,0042200405,623,203999,Nikola Jokic,1610612743,Denver Nuggets,4,0,46,Missed Shot,Driving Layup Shot,2PT Field Goal,In The Paint (Non-RA),Center(C),Less Than 8 ft.,4,48,13,1,0,20230612,DEN,MIA
